key,doi,publication_year,Author,Title,study,n_participants_after_exclusions,used_inferential_statistics,study_design_ignoring_trial_type_comparisons,n_groups_between,notes
U9MEQRLF,,2006,"Barnes-Holmes, Dermot; Barnes-Holmes, Yvonne; Power, Patricia; Hayden, Eilish; Milne, Rebecca; Stewart, Ian",Do You Really Know What You Believe? Developing the Implicit Relational Assessment Procedure (IRAP) as a Direct Measure of Implicit Beliefs,1,16,TRUE,within,1,
U9MEQRLF,,2006,"Barnes-Holmes, Dermot; Barnes-Holmes, Yvonne; Power, Patricia; Hayden, Eilish; Milne, Rebecca; Stewart, Ian",Do You Really Know What You Believe? Developing the Implicit Relational Assessment Procedure (IRAP) as a Direct Measure of Implicit Beliefs,2,11,TRUE,within,1,
U9MEQRLF,,2006,"Barnes-Holmes, Dermot; Barnes-Holmes, Yvonne; Power, Patricia; Hayden, Eilish; Milne, Rebecca; Stewart, Ian",Do You Really Know What You Believe? Developing the Implicit Relational Assessment Procedure (IRAP) as a Direct Measure of Implicit Beliefs,3,44,TRUE,between,3,
U9MEQRLF,,2006,"Barnes-Holmes, Dermot; Barnes-Holmes, Yvonne; Power, Patricia; Hayden, Eilish; Milne, Rebecca; Stewart, Ian",Do You Really Know What You Believe? Developing the Implicit Relational Assessment Procedure (IRAP) as a Direct Measure of Implicit Beliefs,4,12,TRUE,within,1,
TH3BR6FI,,2007,"McKenna, Ian M.; Barnes-Holmes, Dermot; Barnes-Holmes, Yvonne; Stewart, Ian",Testing the fake-ability of the Implicit Relational Assessment Procedure (IRAP): The first study,1,36,TRUE,between,3,
SW5N2RT6,,2008,"Cullen, Claire; Barnes-Holmes, Dermot",Implicit pride and prejudice: A heterosexual phenomenon?,1,NA,TRUE,between,2,sample size not reported
4CEZ6TIR,,2008,"Barnes-Holmes, Dermot; Hayden, Eilish; Barnes-Holmes, Yvonne; Stewart, Ian",The Implicit Relational Assessment Procedure (IRAP) as a response-time and event-related-potentials methodology for testing natural verbal relations: A preliminary study,1,12,TRUE,mixed,2,
RTY6HHRV,,2009,"Vahey, Nigel; Barnes-Holmes, Dermot; Barnes-Holmes, Yvonne; Stewart, Ian",A first test of the Implicit Relational Assessment Procedure as a measure of self-esteem: Irish prisoner groups and university students,1,43,TRUE,between,2,
Z2VKAYVL,10.1177/1079063208326928,2009,"Dawson, David L.; Barnes-Holmes, Dermot; Gresswell, David M.; Hart, Aidan J.; Gore, Nick J.",Assessing the implicit beliefs of sexual offenders using the implicit relational assessment procedure: A first study,1,32,TRUE,between,2,
HBZRS6Z5,,2009,"Chan, Gail; Barnes-Holmes, Dermot; Barnes-Holmes, Yvonne; Stewart, Ian",Implicit attitudes to work and leisure among North American and Irish individuals: A preliminary study,1,63,TRUE,between,2,
HBZRS6Z5,,2009,"Chan, Gail; Barnes-Holmes, Dermot; Barnes-Holmes, Yvonne; Stewart, Ian",Implicit attitudes to work and leisure among North American and Irish individuals: A preliminary study,2,39,TRUE,between,3,
YH3THVLA,,2009,"Barnes-Holmes, Dermot; Waldron, Deirdre; Barnes-Holmes, Yvonne; Stewart, Ian",Testing the validity of the Implicit Relational Assessment Procedure and the Implicit Association Test: Measuring attitudes toward Dublin and country life in Ireland,1,26,TRUE,between,2,
9HH33WL4,,2009,"Cullen, Claire; Barnes-Holmes, Dermot; Barnes-Holmes, Yvonne; Stewart, Ian",The Implicit relational assessment procedure (IRAP) and the malleability of ageist attitudes,1,12,TRUE,mixed,2,
9HH33WL4,,2009,"Cullen, Claire; Barnes-Holmes, Dermot; Barnes-Holmes, Yvonne; Stewart, Ian",The Implicit relational assessment procedure (IRAP) and the malleability of ageist attitudes,2,24,TRUE,mixed,2,
F6KRSLDK,,2009,"Power, Patricia; Barnes-Holmes, Dermot; Barnes-Holmes, Yvonne; Stewart, Ian",The implicit relational assessment procedure (IRAP) as a measure of implicit relative preferences: A first study,1,16,TRUE,mixed,2,
F6KRSLDK,,2009,"Power, Patricia; Barnes-Holmes, Dermot; Barnes-Holmes, Yvonne; Stewart, Ian",The implicit relational assessment procedure (IRAP) as a measure of implicit relative preferences: A first study,2,16,TRUE,mixed,2,
Y5CRDHB5,,2009,"O'Toole, Catriona; Barnes-Holmes, Dermot",Three chronometric indices of relational responding as predictors of performance on a Brief Intelligence Test: The importance of relational flexibility,1,55,TRUE,within,1,
8RAYT2NV,10.1177/1359105309350232,2010,"Roddy, Sarah; Stewart, Ian; Barnes-Holmes, Dermot","Anti-fat, pro-slim, or both?: Using two reaction-time based measures to assess implicit attitudes to the slim and overweight",1,64,TRUE,within,1,
Z8STQG27,,2010,"Drake, Chad E.; Kellum, Karen Kate; Wilson, Kelly G.; Luoma, Jason B.; Weinstein, Jonathan H.; Adams, Catherine H.",Examining the implicit relational assessment procedure: Four preliminary studies,1,15,TRUE,within,1,
Z8STQG27,,2010,"Drake, Chad E.; Kellum, Karen Kate; Wilson, Kelly G.; Luoma, Jason B.; Weinstein, Jonathan H.; Adams, Catherine H.",Examining the implicit relational assessment procedure: Four preliminary studies,2,14,TRUE,within,1,
Z8STQG27,,2010,"Drake, Chad E.; Kellum, Karen Kate; Wilson, Kelly G.; Luoma, Jason B.; Weinstein, Jonathan H.; Adams, Catherine H.",Examining the implicit relational assessment procedure: Four preliminary studies,3,16,TRUE,within,1,
Z8STQG27,,2010,"Drake, Chad E.; Kellum, Karen Kate; Wilson, Kelly G.; Luoma, Jason B.; Weinstein, Jonathan H.; Adams, Catherine H.",Examining the implicit relational assessment procedure: Four preliminary studies,4,13,TRUE,within,1,
TIKBKFW7,,2010,"Stockwell, Fawna M. J.; Walker, Diana J.; Eshleman, John W.",Measures of implicit and explicit attitudes toward mainstream and BDSM sexual terms using the IRAP and Questionnaire with BDSM/fetish and student participants,1,17,TRUE,between,2,
7KV5BYMX,,2010,"Vahey, Nigel; Boles, Shawn; Barnes-Holmes, Dermot",Measuring adolescents' smoking-related social identity preferences with the Implicit Relational Assessment Procedure (IRAP) for the first time: A starting point that explains later IRAP evolutions,1,13,TRUE,between,2,
J4P7VF3R,10.1037/h0100910,2010,"Hooper, Nic; Villatte, Matthieu; Neofotistou, Evi; McHugh, Louise",The effects of mindfulness versus thought suppression on implicit and explicit measures of experiential avoidance,1,24,TRUE,mixed,2,
MCZN4SS3,10.1007/BF03395739,2010,"Timko, C. Alix; England, Erica L.; Herbert, James D.; Forman, Evan M.",The Implicit Relational Assessment Procedure as a measure of self-esteem,1,50,TRUE,within,1,
MCZN4SS3,10.1007/BF03395739,2010,"Timko, C. Alix; England, Erica L.; Herbert, James D.; Forman, Evan M.",The Implicit Relational Assessment Procedure as a measure of self-esteem,2,93,TRUE,within,1,
QPKWE67J,,2010,"Barnes-Holmes, Dermot; Murphy, Aisling; Barnes-Holmes, Yvonne; Stewart, Ian",The implicit relational assessment procedure: Exploring the impact of private versus public contexts and the response latency criterion on pro-white and anti-black stereotyping among white Irish individuals,1,31,TRUE,between,2,
QPKWE67J,,2010,"Barnes-Holmes, Dermot; Murphy, Aisling; Barnes-Holmes, Yvonne; Stewart, Ian",The implicit relational assessment procedure: Exploring the impact of private versus public contexts and the response latency criterion on pro-white and anti-black stereotyping among white Irish individuals,2,19,TRUE,between,2,
KHZT9WWK,,2010,"Barnes-Holmes, Dermot; Murtagh, Louise; Barnes-Holmes, Yvonne; Stewart, Ian",Using the Implicit Association Test and Implicit Relational Assessment Procedure to measure attitudes towards meat and vegetables in vegetarians and meat-eaters,1,32,TRUE,between,2,
WIHD8MS5,,2011,"Campbell, Claire; Barnes-Holmes, Yvonne; Barnes-Holmes, Dermot; Stewart, Ian",Exploring screen presentations in the Implicit Relational Assessment Procedure (IRAP),1,48,TRUE,between,4,
94LGYZEJ,10.1002/ejsp.839,2011,"Roddy, Sarah; Stewart, Ian; Barnes-Holmes, Dermot",Facial reactions reveal that slim is good but fat is not bad: Implicit and explicit measures of body‐size bias,1,64,TRUE,within,1,
PNZN35L9,10.1016/j.eatbeh.2011.04.004,2011,"Juarascio, Adrienne S.; Forman, Evan M.; Timko, C. Alix; Herbert, James D.; Butryn, Meghan; Lowe, Michael","Implicit internalization of the thin ideal as a predictor of increases in weight, body dissatisfaction, and disordered eating",1,60,TRUE,within,1,
WXEVPCLV,,2011,"Hughes, Sean; Barnes-Holmes, Dermot",On the formation and persistence of implicit attitudes: New evidence from the Implicit Relational Assessment Procedure (IRAP),1,64,TRUE,between,3,
JH59JBXH,,2011,"Scheel, Matthew H.; Fischer, Lauren A.; McMahon, Anthony J.; Mena, Melissa M.; Wolf, Joshua E.",The Implicit Relational Assessment Procedure (IRAP) as a measure of women's stereotypes about gay men,1,68,TRUE,mixed,4,
YSEQIUSR,10.1016/j.jbtep.2012.02.001,2012,"Nicholson, Emma; Barnes-Holmes, Dermot",Developing an implicit measure of disgust propensity and disgust sensitivity: Examining the role of implicit disgust propensity and sensitivity in obsessive-compulsive tendencies,1,26,TRUE,within,1,
STNU8VG3,,2012,"Bortoloti, Renato; de Rose, Julio C.",Equivalent stimuli are more strongly related after training with delayed matching than after simultaneous matching: A study using the Implicit Relational Assessment Procedure (IRAP),1,16,TRUE,between,2,
R44BGEHT,10.3109/00952990.2011.643986,2012,"Carpenter, Kenneth M.; Martinez, Diana; Vadhan, Nehal P.; Barnes-Holmes, Dermot; Nunes, Edward V.",Measures of attentional bias and relational responding are associated with behavioral treatment outcome for cocaine dependence,1,25,TRUE,within,1,
WCUDLSY4,,2012,"Nicholson, Emma; Barnes-Holmes, Dermot",The Implicit Relational Assessment Procedure (IRAP) as a measure of spider fear,1,29,TRUE,within,1,
EJCN67X6,10.1016/j.cbpra.2012.03.002,2012,"Hussey, Ian; Barnes-Holmes, Dermot",The Implicit Relational Assessment Procedure as a measure of implicit depression and the role of psychological flexibility,1,30,TRUE,between,2,
RTHSRG6R,10.1080/10640266.2012.654056,2012,"Parling, Thomas; Cernvall, Martin; Stewart, Ian; Barnes-Holmes, Dermot; Ghaderi, Ata",Using the Implicit Relational Assessment Procedure to compare implicit pro-thin/anti-fat attitudes of patients with anorexia nervosa and non-clinical controls,1,34,TRUE,between,2,
8FVLPE75,,2013,"Scheel, Matthew H.; Roscoe, Brian H.; Schaewe, Victoria G.; Yarbrough, Christina S.",Attitudes towards Muslims are more favorable on a survey than on an Implicit Relational Assessment Procedure (IRAP),1,41,TRUE,between,2,
Z8ZDUYEA,10.1080/13632752.2013.769710,2013,"Scanlon, Geraldine; Barnes-Holmes, Yvonne",Changing attitudes: Supporting teachers in effectively including students with emotional and behavioural difficulties in mainstream education,1,25,TRUE,within,1,
IRSCCDKL,10.1016/j.ridd.2012.07.018,2013,"Kelly, Amanda; Barnes-Holmes, Dermot",Implicit attitudes towards children with autism versus normally developing children as predictors of professional burnout and psychopathology,1,32,TRUE,between,2,
8HRZ24G9,10.1016/j.concog.2013.06.001,2013,"Kosnes, Liv; Whelan, Robert; O'Donovan, Aoife; McHugh, Louise",Implicit measurement of positive and negative future thinking as a predictor of depressive symptoms and hopelessness,1,71,TRUE,between,2,
EEWC32CR,10.11133/j.tpr.2013.63.3.005,2013,"Nolan, Jason; Murphy, Carol; Barnes-Holmes, Dermot",Implicit relational assessment procedure and body-weight bias: Influence of gender of participants and targets,1,21,TRUE,between,4,
X9SSIQV6,10.1080/02699931.2013.786681,2013,"Remue, Jonathan; De Houwer, Jan; Barnes-Holmes, Dermot; Vanderhasselt, Marie-Anne; De Raedt, Rudi",Self-esteem revisited: Performance on the implicit relational assessment procedure as a measure of self- versus ideal self-related cognitions in dysphoria,1,56,TRUE,between,2,
B9YC5YPF,10.1016/j.jcbs.2013.02.002,2013,"Nicholson, Emma; McCourt, Angela; Barnes-Holmes, Dermot",The Implicit Relational Assessment Procedure (IRAP) as a measure of obsessive beliefs in relation to disgust,1,43,TRUE,within,1,
HWD5AGKS,10.1007/s40732-014-0022-2,2014,"Bast, Diana; Barnes-Holmes, Dermot",A first test of the implicit relational assessment procedure as a measure of forgiveness of self and others,1,43,TRUE,between,3,
EX9EDXDU,10.1016/j.yebeh.2014.02.016,2014,"Dimaro, Lian V.; Dawson, David L.; Roberts, Nicole A.; Brown, Ian; Moghaddam, Nima G.; Reuber, Markus",Anxiety and avoidance in psychogenic nonepileptic seizures: The role of implicit and explicit anxiety,1,53,TRUE,between,2,
NM2U2VL4,10.1007/s40732-014-0006-2,2014,"Rabelo, Laura Z.; Bortoloti, Renato; Souza, Debora H.",Dolls are for girls and not for boys: Evaluating the appropriateness of the implicit relational assessment procedure for school-age children,1,9,TRUE,between,2,
YU8FYGNP,,2014,"Murphy, Carol; MacCarthaigh, Saoirse; Barnes-Holmes, Dermot",Implicit Relational Assessment Procedure and attractiveness bias: Directionality of bias and influence of gender of participants,1,47,TRUE,between,2,
BHHSQ962,10.1016/j.jcbs.2013.12.001,2014,"Kishita, Naoko; Muto, Takashi; Ohtsuki, Tomu; Barnes-Holmes, Dermot",Measuring the effect of cognitive defusion using the Implicit Relational Assessment Procedure: An experimental analysis with a highly socially anxious sample,1,24,TRUE,between,2,
TTSPXEI6,10.1007/s40732-014-0020-4,2014,"Nicholson, Emma; Hopkins-Doyle, Aife; Barnes-Holmes, Dermot; Roche, Richard A. P.","Psychopathology, anxiety or attentional control: Determining the variables which predict IRAP performance",1,32,TRUE,within,1,
F4RACD6V,10.1016/j.jcbs.2013.11.001,2014,"Nicholson, Emma; Dempsey, Kimberley; Barnes-Holmes, Dermot",The role of responsibility and threat appraisals in contamination fear and obsessive-compulsive tendencies at the implicit level,1,29,TRUE,between,2,
7DJK8W4T,10.1371/journal.pone.0108837,2014,"Remue, Jonathan; Hughes, Sean; De Houwer, Jan; De Raedt, Rudi",To Be or Want to Be: Disentangling the Role of Actual versus Ideal Self in Implicit Self-Esteem,1,64,TRUE,between,2,
EZHNXQAP,10.1037/h0100577,2014,"Scanlon, Geraldine; McEnteggart, Ciara; Barnes-Holmes, Yvonne; Barnes-Holmes, Dermot",Using the implicit relational assessment procedure (IRAP) to assess implicit gender bias and self-esteem in typically-developing children and children with ADHD and with dyslexia,1,20,TRUE,between,2,
7WKBNNYG,,2015,"Expósito, Paloma Maroto; López, Mónica Hernández; Valverde, Miguel Rodríguez",Assessment of implicit anti-fat and pro-slim attitudes in young women using the Implicit Relational Assessment Procedure,1,34,TRUE,within,1,
HNZT966K,10.1080/14742837.2014.938732,2015,"O'Shea, Brian",Capitalism Versus a New Economic Model: Implicit and Explicit Attitudes of Protesters and Bankers,1,24,TRUE,between,2,
LVHBUBAF,10.1007/s40732-015-0141-4,2015,"Bast, Diana; Barnes-Holmes, Yvonne; Barnes-Holmes, Dermot",Developing an individualized Implicit Relational Assessment Procedure (IRAP) as a potential measure of self-forgiveness related to negative and positive behavior,1,26,TRUE,within,1,
JMZVJLXL,10.1007/s40732-014-0100-5,2015,"Bast, Diana; Barnes-Holmes, Dermot",Developing the Implicit Relational Assessment Procedure (IRAP) as a measure of self-forgiveness related to failing and succeeding behaviors,1,60,TRUE,within,1,
26T4GGLN,10.1016/j.jcbs.2015.04.002,2015,"Farrell, Lynn; Cochrane, Andy; McHugh, Louise",Exploring attitudes towards gender and science: The advantages of an IRAP approach versus the IAT,1,32,TRUE,between,2,
I6DM5PYE,10.5210/bsi.v24i0.5496,2015,"Drake, Chad E.; Kramer, Sam; Sain, Travis; Swiatek, Rachel; Kohn, Kristin; Murphy, Meagan",Exploring the reliability and convergent validity of implicit racial evaluations,1,38,TRUE,between,3,
X4CLXGYB,10.1016/j.jcbs.2015.04.004,2015,"Drake, Chad E.; Kramer, Sam; Habib, Reza; Schuler, Kelsey; Blankenship, Lindsay; Locke, Janna",Honest politics: Evaluating candidate perceptions for the 2012 US Election with the Implicit Relational Assessment Procedure,1,46,TRUE,between,3,
YEXRX6GG,10.1016/j.yebeh.2015.03.032,2015,"Dimaro, Lian V.; Roberts, Nicole A.; Moghaddam, Nima G.; Dawson, David L.; Brown, Ian; Reuber, Markus",Implicit and explicit self-esteem discrepancies in people with psychogenic nonepileptic seizures,1,77,TRUE,between,3,
MKECP8CG,,2015,"Heider, Niclas; Spruyt, Adriaan; De Houwer, Jan",Implicit beliefs about ideal body image predict body image dissatisfaction,1,48,TRUE,mixed,2,
66RNVCRC,10.1007/s10508-014-0473-1,2015,"Rönspies, Jelena; Schmidt, Alexander F.; Melnikova, Anna; Krumova, Rosina; Zolfagari, Asadeh; Banse, Rainer","Indirect measurement of sexual orientation: Comparison of the implicit relational assessment procedure, viewing time, and choice reaction time tasks",1,118,TRUE,between,2,
TJGPU76H,10.1007/s40732-015-0142-3,2015,"Hussey, Ian; Daly, Tarah; Barnes-Holmes, Dermot","Life is good, but death ain’t bad either: Counter-intuitive implicit biases to death in a normative population",1,42,TRUE,within,1,
ISQ98EZF,10.1007/s40732-014-0101-4,2015,"Kelly, Michelle; Barnes-Holmes, Dermot",Measuring implicit and explicit acceptability of reinforcement versus punishment interventions with teachers working in ABA versus mainstream schools,1,30,TRUE,between,2,
BPHT4SSR,10.1007/s40732-015-0137-0,2015,"Bast, Diana; Barnes-Holmes, Dermot",Priming thoughts of failing versus succeeding and performance on the Implicit Relational Assessment Procedure (IRAP) as a measure of self-forgiveness,1,81,TRUE,between,2,
K9U3IBA4,10.1016/j.jcbs.2015.04.001,2015,"Ritzert, Timothy R.; Forsyth, John P.; Berghoff, Christopher R.; Barnes-Holmes, Dermot; Nicholson, Emma",The impact of a cognitive defusion intervention on behavioral and psychological flexibility: An experimental evaluation in a spider fearful non-clinical sample,1,65,TRUE,mixed,3,
JKJIBISR,10.1016/j.jcbs.2015.08.001,2015,"Murphy, Carol; Hussey, Tara; Barnes-Holmes, Dermot; Kelly, Michelle",The Implicit Relational Assessment Procedure (IRAP) and attractiveness bias,1,30,TRUE,between,2,
CI27QBJJ,10.1007/s40732-015-0138-z,2015,"Perez, William Ferreira; de Almeida, João Henrique; de Rose, Julio C.",Transformation of meaning through relations of sameness and opposition,1,39,TRUE,between,2,
YG7XF2AA,10.1007/s40732-016-0196-x,2016,"McEnteggart, Ciara; Barnes-Holmes, Yvonne; Egger, Jos; Barnes-Holmes, Dermot",A pilot study of the relations within which hearing voices participates: Towards a functional distinction between voice hearers and controls,1,36,TRUE,between,2,
YG7XF2AA,10.1007/s40732-016-0196-x,2016,"McEnteggart, Ciara; Barnes-Holmes, Yvonne; Egger, Jos; Barnes-Holmes, Dermot",A pilot study of the relations within which hearing voices participates: Towards a functional distinction between voice hearers and controls,2,34,TRUE,between,2,
YG7XF2AA,10.1007/s40732-016-0196-x,2016,"McEnteggart, Ciara; Barnes-Holmes, Yvonne; Egger, Jos; Barnes-Holmes, Dermot",A pilot study of the relations within which hearing voices participates: Towards a functional distinction between voice hearers and controls,3,48,TRUE,between,2,
NMCF66FN,10.1007/s40732-016-0181-4,2016,"Ritzert, Timothy R.; Anderson, Lisa M.; Reilly, Erin E.; Gorrell, Sasha; Forsyth, John P.; Anderson, Drew A.","Assessment of weight/shape implicit bias related to attractiveness, fear, and disgust",1,63,TRUE,between,3,
85R7EEGW,10.1007/s40732-016-0186-z,2016,"Drake, Chad E.; Timko, C. Alix; Luoma, Jason B.",Exploring an implicit measure of acceptance and experiential avoidance of anxiety,1,38,TRUE,within,1,
CMHMBLM9,10.1007/s40732-016-0173-4,2016,"Finn, Martin; Barnes-Holmes, Dermot; Hussey, Ian; Graddy, Joseph",Exploring the behavioral dynamics of the implicit relational assessment procedure: The impact of three types of introductory rules,1,42,TRUE,between,2,
CMHMBLM9,10.1007/s40732-016-0173-4,2016,"Finn, Martin; Barnes-Holmes, Dermot; Hussey, Ian; Graddy, Joseph",Exploring the behavioral dynamics of the implicit relational assessment procedure: The impact of three types of introductory rules,2,49,TRUE,between,4,
CMHMBLM9,10.1007/s40732-016-0173-4,2016,"Finn, Martin; Barnes-Holmes, Dermot; Hussey, Ian; Graddy, Joseph",Exploring the behavioral dynamics of the implicit relational assessment procedure: The impact of three types of introductory rules,3,12,TRUE,within,1,
9JCBEERI,10.1007/s40732-016-0180-5,2016,"Maloney, Emma; Barnes-Holmes, Dermot",Exploring the behavioral dynamics of the implicit relational assessment procedure: The role of relational contextual cues versus relational coherence indicators as response options,1,52,TRUE,between,8,
YJCJPI8N,10.1002/ejsp.2207,2016,"Hughes, Sean; Hussey, Ian; Corrigan, Bethany; Jolie, Katie; Murphy, Carol; Barnes-Holmes, Dermot",Faking revisited: Exerting strategic control over performance on the Implicit Relational Assessment Procedure,1,52,TRUE,between,2,
YJCJPI8N,10.1002/ejsp.2207,2016,"Hughes, Sean; Hussey, Ian; Corrigan, Bethany; Jolie, Katie; Murphy, Carol; Barnes-Holmes, Dermot",Faking revisited: Exerting strategic control over performance on the Implicit Relational Assessment Procedure,2,47,TRUE,between,2,
YJCJPI8N,10.1002/ejsp.2207,2016,"Hughes, Sean; Hussey, Ian; Corrigan, Bethany; Jolie, Katie; Murphy, Carol; Barnes-Holmes, Dermot",Faking revisited: Exerting strategic control over performance on the Implicit Relational Assessment Procedure,3,43,TRUE,between,2,
YJCJPI8N,10.1002/ejsp.2207,2016,"Hughes, Sean; Hussey, Ian; Corrigan, Bethany; Jolie, Katie; Murphy, Carol; Barnes-Holmes, Dermot",Faking revisited: Exerting strategic control over performance on the Implicit Relational Assessment Procedure,4,31,TRUE,between,2,
K88KR6M3,10.15288/jsad.2016.77.819,2016,"Monk, Rebecca L.; Pennington, Charlotte R.; Campbell, Claire; Price, Alan; Heim, Derek",Implicit alcohol-related expectancies and the effect of context,1,76,TRUE,between,2,
Z8AD2HQ3,10.1016/j.jbtep.2015.11.003,2016,"Hussey, Ian; Barnes-Holmes, Dermot; Booth, Richard",Individuals with current suicidal ideation demonstrate implicit 'fearlessness of death',1,48,TRUE,between,2,
MYQFHAT3,10.1037/pas0000172,2016,"O'Shea, Brian; Watson, Derrick G.; Brown, Gordon D. A.",Measuring implicit attitudes: A positive framing bias flaw in the Implicit Relational Assessment Procedure (IRAP),1,60,TRUE,between,3,
4FWVXCC8,10.1007/s10508-016-0725-3,2016,"Timmins, Liam; Barnes-Holmes, Dermot; Cullen, Claire",Measuring implicit sexual response biases to nude male and female pictures in androphilic and gynephilic men,1,32,TRUE,between,2,
2FQPHBHS,10.1016/j.appet.2016.02.013,2016,"McKenna, Ian; Hughes, Sean; Barnes-Holmes, Dermot; De Schryver, Maarten; Yoder, Ruth; O'Shea, Donal","Obesity, food restriction, and implicit attitudes to healthy and unhealthy foods: Lessons learned from the implicit relational assessment procedure",1,49,TRUE,between,4,
2FQPHBHS,10.1016/j.appet.2016.02.013,2016,"McKenna, Ian; Hughes, Sean; Barnes-Holmes, Dermot; De Schryver, Maarten; Yoder, Ruth; O'Shea, Donal","Obesity, food restriction, and implicit attitudes to healthy and unhealthy foods: Lessons learned from the implicit relational assessment procedure",2,57,TRUE,between,4,
R9PB6WIC,10.1007/s40732-016-0166-3,2016,"Barbero-Rubio, Adrián; López-López, Juan C.; Luciano, Carmen; Eisenbeck, Nikolett",Perspective-taking measured by Implicit Relational Assessment Procedure (IRAP),1,35,TRUE,within,1,
GQ6MQ4DQ,10.1007/s40732-015-0160-1,2016,"Drake, Chad E.; Seymour, Kail H.; Habib, Reza",Testing the IRAP: Exploring the reliability and fakability of an idiographic approach to interpersonal attitudes,1,73,TRUE,between,3,
RBR9MGHQ,10.1016/j.jcbs.2016.06.003,2016,"McEnteggart, Ciara; Barnes-Holmes, Yvonne; Adekuoroye, Funso",The effects of a voice hearing simulation on implicit fear of voices,1,28,TRUE,between,2,
MDXQAPJW,10.1007/s40732-016-0162-7,2016,"Bast, Diana; Linares, Ila Marques Porto; Gomes, Cainã T.; Kovac, Roberta; Barnes-Holmes, Dermot",The Implicit Relational Assessment Procedure (IRAP) as a measure of self-forgiveness: The impact of a training history in clinical behavior analysis,1,40,TRUE,between,2,
PJPFGZJW,10.1007/s40732-016-0176-1,2016,"Leech, Aileen; Barnes-Holmes, Dermot; Madden, Lara","The Implicit Relational Assessment Procedure (IRAP) as a measure of spider fear, avoidance, and approach",1,45,TRUE,within,1,
PJPFGZJW,10.1007/s40732-016-0176-1,2016,"Leech, Aileen; Barnes-Holmes, Dermot; Madden, Lara","The Implicit Relational Assessment Procedure (IRAP) as a measure of spider fear, avoidance, and approach",2,31,TRUE,within,1,
DG2SE45R,10.1007/s40732-016-0171-6,2016,"Hussey, Ian; Mhaoileoin, Dearbhaile Ní; Barnes-Holmes, Dermot; Ohtsuki, Tomu; Kishita, Naoko; Hughes, Sean; Murphy, Carol",The IRAP is nonrelative but not acontextual: Changes to the contrast category influence men’s dehumanization of women,1,43,TRUE,between,2,
P5XWPCBF,10.1080/15487768.2016.1171175,2016,"Pennington, Charlotte R.; Campbell, Claire; Monk, Rebecca L.; Heim, Derek",The malleability of stigmatizing attitudes: Combining imagined social contact with implicit attitude feedback,1,48,TRUE,mixed,4,
CM36Y9YX,10.1016/j.jcbs.2016.10.001,2016,"Kavanagh, Deirdre; Hussey, Ian; McEnteggart, Ciara; Barnes-Holmes, Yvonne; Barnes-Holmes, Dermot",Using the IRAP to explore natural language statements,1,22,TRUE,within,1,
YW6T2E6Z,10.1016/j.jcbs.2015.11.002,2016,"Jackson, Marianne L.; Williams, W. Larry; Hayes, Steven C.; Humphreys, Tiffany; Gauthier, Brook; Westwood, Ryan",Whatever gets your heart pumping: The impact of implicitly selected reinforcer-focused statements on exercise intensity,1,11,FALSE,within,1,
YW6T2E6Z,10.1016/j.jcbs.2015.11.002,2016,"Jackson, Marianne L.; Williams, W. Larry; Hayes, Steven C.; Humphreys, Tiffany; Gauthier, Brook; Westwood, Ryan",Whatever gets your heart pumping: The impact of implicitly selected reinforcer-focused statements on exercise intensity,2,4,FALSE,within,1,
KQMWSWPT,10.1007/s40732-016-0212-1,2017,"Cartwright, Aoife; Hussey, Ian; Roche, Bryan; Dunne, Jenny; Murphy, Carol",An investigation into the relationship between the gender binary and occupational discrimination using the implicit relational assessment procedure,1,47,TRUE,within,2,
FCLG4FYQ,10.1007/s40732-017-0252-1,2017,"Power, Patricia; Harte, Colin; Barnes-Holmes, Dermot; Barnes-Holmes, Yvonne",Combining the implicit Relational Assessment Procedure and the recording of event related potentials in the analysis of racial bias: A preliminary study,1,11,TRUE,within,1,
FHJLUNCF,10.1016/j.jcbs.2017.02.001,2017,"Farrell, Lynn; McHugh, Louise",Examining gender-STEM bias among STEM and non-STEM students using the Implicit Relational Assessment Procedure (IRAP),1,61,TRUE,between,4,
M6N5F6DP,10.1007/s10862-016-9583-5,2017,"Levin, Michael E.; Haeger, Jack; Smith, Gregory S.",Examining the role of implicit emotional judgments in social anxiety and experiential avoidance,1,61,TRUE,within,1,
F7C2WXMU,10.1007/s40732-017-0223-6,2017,"Power, Patricia; Harte, Colin; Barnes-Holmes, Dermot; Barnes-Holmes, Yvonne",Exploring racial bias in a European country with a recent history of immigration of Black Africans,1,16,TRUE,between,2,
F7C2WXMU,10.1007/s40732-017-0223-6,2017,"Power, Patricia; Harte, Colin; Barnes-Holmes, Dermot; Barnes-Holmes, Yvonne",Exploring racial bias in a European country with a recent history of immigration of Black Africans,2,15,TRUE,between,2,
RTN2JR84,10.3389/fpsyg.2017.01951,2017,"Vastano, Roberta; Finn, Martin; Barnes-Holmes, Dermot",Functional relations modulate the responsiveness to affordances despite the impact of conflicting stimulus–response mappings,1,23,TRUE,within,1,
AGBFXPMT,10.1007/s40732-017-0225-4,2017,"Stockwell, Fawna M. J.; Hopkins, Lauren S.; Walker, Diana J.",Implicit and explicit attitudes toward mainstream and BDSM sexual practices and their relation to interviewer behavior: An analogue study,1,20,TRUE,within,1,
JTG6FKHS,10.1007/s40732-016-0210-3,2017,"Hughes, Sean; Barnes-Holmes, Dermot; Smyth, Sinead",Implicit cross-community biases revisited: Evidence for ingroup favoritism in the absence of outgroup derogation in Northern Ireland,1,63,TRUE,between,2,
36HQAZWB,10.1515/ppb-2017-0030,2017,"Pilch, Irena; Hyla, Magdalena",Narcissism and self-esteem revisited: The relationships between the subscales of the NPI and explicit/implicit self-esteem,1,49,TRUE,within,1,
WUEMKJXL,,2017,"McEnteggart, Ciara; Barnes-Holmes, Yvonne; Mellon, Mirte; van Dongen, Linde; Hendriks, Annemieke L.; Barnes-Holmes, Dermot; Egger, Jos; Harte, Colin",Recommendations for using the IRAP with a medicated in-patient population with a diagnosis of psychosis,1,18,TRUE,between,2,
ZW8FLEMV,10.1007/s40732-017-0249-9,2017,"Cagney, Susan; Harte, Colin; Barnes-Holmes, Dermot; Barnes-Holmes, Yvonne; McEnteggart, Ciara",Response biases on the IRAP for adults and adolescents with respect to smokers and nonsmokers: The impact of parental smoking status,1,31,TRUE,between,2,
ZW8FLEMV,10.1007/s40732-017-0249-9,2017,"Cagney, Susan; Harte, Colin; Barnes-Holmes, Dermot; Barnes-Holmes, Yvonne; McEnteggart, Ciara",Response biases on the IRAP for adults and adolescents with respect to smokers and nonsmokers: The impact of parental smoking status,2,32,TRUE,between,2,
ZW8FLEMV,10.1007/s40732-017-0249-9,2017,"Cagney, Susan; Harte, Colin; Barnes-Holmes, Dermot; Barnes-Holmes, Yvonne; McEnteggart, Ciara",Response biases on the IRAP for adults and adolescents with respect to smokers and nonsmokers: The impact of parental smoking status,3,32,TRUE,between,2,
HVLW978H,10.1007/s40732-017-0230-7,2017,"Leech, Aileen; Barnes-Holmes, Dermot; McEnteggart, Ciara",Spider fear and avoidance: A preliminary study of the impact of two verbal rehearsal tasks on a behavior–behavior relation and its implications for an experimental analysis of defusion,1,67,TRUE,mixed,2,
7EFZ4VG8,10.1016/j.jbtep.2017.04.001,2017,"Stewart, C.; Rogers, F.; Pilch, M.; Stewart, Ian; Barnes-Holmes, Yvonne; Westermann, S.",The effect of social exclusion on state paranoia and explicit and implicit self-esteem in a non-clinical sample,1,85,TRUE,between,2,
4FI2SPK9,10.1016/j.brat.2017.10.009,2017,"De Raedt, Rudi; Remue, Jonathan; Loeys, Tom; Hooley, Jill M.; Baeken, Chris",The effect of transcranial direct current stimulation of the prefrontal cortex on implicit self-esteem is mediated by rumination after criticism,1,32,TRUE,between,2,
E5RG8PK6,10.1007/s40732-017-0261-0,2018,"Munnelly, Anita; Farrell, Lynn; O'Connor, Martin; McHugh, Louise",Adolescents’ implicit and explicit attitudes toward cyberbullying: An exploratory study using the Implicit Relational Assessment Procedure (IRAP) and self-report measures,1,18,TRUE,within,1,
UDNNYRXA,10.1016/j.jcbs.2018.02.004,2018,"Pennie, Brian; Kelly, Michelle",An examination of generalised implicit biases towards ‘wanting more’ as a proxy measure of materialistic behaviour: A relational frame theory ((RFT) perspective,1,60,TRUE,between,3,
LGT7RQQ4,10.1016/j.jcbs.2018.03.005,2018,"Drake, Chad E.; Codd, R. Trent III; Terry, Christeine",Assessing the validity of implicit and explicit measures of stigma toward clients with substance use disorders among mental health practitioners,1,37,TRUE,between,2,
72LX2MUL,10.1007/s12147-017-9189-6,2018,"Drake, Chad E.; Primeaux, Sunni; Thomas, Jorden",Comparing Implicit Gender Stereotypes Between Women and Men with the Implicit Relational Assessment Procedure,1,41,TRUE,between,2,
9543WNXL,10.1007/s40732-018-0276-1,2018,"Kavanagh, Deirdre; Barnes-Holmes, Yvonne; Barnes-Holmes, Dermot; McEnteggart, Ciara; Finn, Martin",Exploring differential trial-type effects and the impact of a read-aloud procedure on deictic relational responding on the IRAP,1,35,TRUE,within,1,
9543WNXL,10.1007/s40732-018-0276-1,2018,"Kavanagh, Deirdre; Barnes-Holmes, Yvonne; Barnes-Holmes, Dermot; McEnteggart, Ciara; Finn, Martin",Exploring differential trial-type effects and the impact of a read-aloud procedure on deictic relational responding on the IRAP,2,66,TRUE,within,1,
KVU2FMQ5,10.1007/s40732-017-0262-z,2018,"Finn, Martin; Barnes-Holmes, Dermot; McEnteggart, Ciara",Exploring the single-trial-type-dominance-effect in the IRAP: Developing a differential arbitrarily applicable relational responding effects (DAARRE) model,1,58,TRUE,between,2,
KVU2FMQ5,10.1007/s40732-017-0262-z,2018,"Finn, Martin; Barnes-Holmes, Dermot; McEnteggart, Ciara",Exploring the single-trial-type-dominance-effect in the IRAP: Developing a differential arbitrarily applicable relational responding effects (DAARRE) model,2,49,TRUE,between,2,
KVU2FMQ5,10.1007/s40732-017-0262-z,2018,"Finn, Martin; Barnes-Holmes, Dermot; McEnteggart, Ciara",Exploring the single-trial-type-dominance-effect in the IRAP: Developing a differential arbitrarily applicable relational responding effects (DAARRE) model,3,44,TRUE,between,3,
8KY7QKFT,,2018,"Dunne, Ciara; McEnteggart, Ciara; Harte, Colin; Barnes-Holmes, Dermot; Barnes-Holmes, Yvonne",Faking a race IRAP effect in the context of single versus multiple label stimuli,1,44,TRUE,mixed,2,
6275MA6V,10.1007/s11031-018-9685-3,2018,"van der Kaap-Deeder, Jolene; De Houwer, Jan; Hughes, Sean; Spruyt, Adriaan; Vansteenkiste, Maarten",The development and validation of an implicit measure of competence need satisfaction,2,52,TRUE,between,2,
6275MA6V,10.1007/s11031-018-9685-3,2018,"van der Kaap-Deeder, Jolene; De Houwer, Jan; Hughes, Sean; Spruyt, Adriaan; Vansteenkiste, Maarten",The development and validation of an implicit measure of competence need satisfaction,3,79,TRUE,between,2,
Q55BVQQS,10.1016/j.jcbs.2018.01.001,2018,"De Schryver, Maarten; Hussey, Ian; De Neve, Jan; Cartwright, Aoife; Barnes-Holmes, Dermot",The PIIRAP: An alternative scoring algorithm for the IRAP using a probabilistic semiparametric effect size measure,1,188,TRUE,within,1,
GPHKN3IR,10.1016/j.beproc.2018.08.012,2018,"Leech, Aileen; Bouyrden, Jaber; Bruijsten, Nathalie; Barnes-Holmes, Dermot; McEnteggart, Ciara",Training and testing for a transformation of fear and avoidance functions using the Implicit Relational Assessment Procedure: The first study,1,41,TRUE,within,1,
GPHKN3IR,10.1016/j.beproc.2018.08.012,2018,"Leech, Aileen; Bouyrden, Jaber; Bruijsten, Nathalie; Barnes-Holmes, Dermot; McEnteggart, Ciara",Training and testing for a transformation of fear and avoidance functions using the Implicit Relational Assessment Procedure: The first study,2,30,TRUE,within,1,
ACAZYVEE,10.1016/j.jcbs.2019.09.004,2019,"Alasiri, Eman; Bast, Diana; Kolts, Russell L.",'Using the implicit relational assessment procedure (IRAP) to explore common humanity as a dimension of self-compassion',1,55,TRUE,mixed,2,
XEXMBKW3,10.1007/s40732-019-00353-6,2019,"Gomes, Cainã T.; Perez, William F.; de Almeida, João Henrique; Ribeiro, Arthur; de Rose, Julio C.; Barnes-Holmes, Dermot",Assessing a derived transformation of functions using the implicit relational assessment procedure under three motivative conditions,1,30,TRUE,between,3,
VMS4NUG4,10.1007/s40732-018-0324-x,2019,"Rafacz, Sharlet D.; Houmanfar, Ramona A.; Smith, Gregory S.; Levin, Michael E.","Assessing the effects of motivative augmentals, pay-for-performance, and implicit verbal responding on cooperation",2,20,FALSE,within,1,
PVKQMA85,10.3389/fpsyg.2019.00954,2019,"Bortoloti, Renato; de Almeida, Rodrigo Vianna; de Almeida, João Henrique; de Rose, Julio C.",Emotional faces in symbolic relations: A happiness superiority effect involving the equivalence paradigm,1,159,TRUE,mixed,2,
9B7HDIBK,10.1007/s40732-019-00334-9,2019,"Henklain, Marcelo H. O.; Haydu, Veronica Bender; Carmo, João S.; Muniz, Monalisa; Perez, William F.",Expanding the evidence of content validity for the Teacher Behavior Checklist using the IRAP: TBC’s content validity using the IRAP,1,47,TRUE,within,1,
BCNEDL65,,2019,"Kavanagh, Deirdre; Matthyssen, Nele; Barnes-Holmes, Yvonne; Barnes-Holmes, Dermot; McEnteggart, Ciara; Vastano, Roberta",Exploring the use of pictures of self and other in the IRAP: Reflecting upon the emergence of differential trial type effects,1,32,TRUE,within,1,
BCCQL6A2,10.1007/s40732-018-0304-1,2019,"Perez, William F.; de Almeida, João Henrique; de Rose, Julio C.; Dorigon, Andrea H.; de Vasconcellos, Eduardo L.; da Silva, Marco A.; Lima, Najra D. P.; de Almeida, Roberta B. M.; Montan, Rodrigo N. M.; Barnes-Holmes, Dermot",Implicit and explicit measures of transformation of function from facial expressions of fear and of happiness via equivalence relations,1,76,TRUE,between,2,
XZP9GBKS,10.3389/fpsyg.2019.02102,2019,"Hernández-López, Monica; Antequera-Rubio, Alba; Rodríguez-Valverde, Miguel",Implicit attitudes to female body shape in Spanish women with high and low body dissatisfaction,1,52,TRUE,mixed,2,
BG53K6II,10.3389/fpsyg.2019.01422,2019,"Hong, Bao; Zhang, Lu; Sun, Hongri",Measurement of the vertical spatial metaphor of power concepts using the implicit relational assessment procedure,1,43,TRUE,within,1,
7V8ZYAEN,,2019,"Delgado, Eduardo M. Blasco; Cascalló, Aurembiaix Llobera; Sánchez, L. Jorge Ruiz; Carrasco, Jorge Villarroel",Measuring the attitudes from Spanish and Catalan people toward Spanish and Catalan identity with the implicit relational assessment procedure,1,33,TRUE,mixed,2,
WUBZ8EF8,10.1007/s40732-019-00347-4,2019,"Finn, Martin; Barnes-Holmes, Dermot; McEnteggart, Ciara; Kavanagh, Deirdre",Predicting and influencing the single-trial-type-dominance-effect: The first study,1,40,TRUE,between,2,
MNL5TDTF,10.1007/s40732-018-0320-1,2019,"Errasti, José; Martinez, Hugo; Rodriguez, Carmen; Marquez, Jennifer; Maldonado, Alejandro; Menendez, Alvaro",Social context in a collective IRAP application about gender stereotypes: Mixed versus single gender groups,1,51,TRUE,between,4,
8H6DA35M,10.1007/s40732-019-00333-w,2019,"Kavanagh, Deirdre; Roelandt, Adeline; Raemdonck, Lisa; Barnes-Holmes, Yvonne; Barnes-Holmes, Dermot; McEnteggart, Ciara",The on-going search for perspective-taking IRAPs: Exploring the potential of the natural language-IRAP,1,37,TRUE,within,1,
8H6DA35M,10.1007/s40732-019-00333-w,2019,"Kavanagh, Deirdre; Roelandt, Adeline; Raemdonck, Lisa; Barnes-Holmes, Yvonne; Barnes-Holmes, Dermot; McEnteggart, Ciara",The on-going search for perspective-taking IRAPs: Exploring the potential of the natural language-IRAP,2,49,TRUE,within,1,
8H6DA35M,10.1007/s40732-019-00333-w,2019,"Kavanagh, Deirdre; Roelandt, Adeline; Raemdonck, Lisa; Barnes-Holmes, Yvonne; Barnes-Holmes, Dermot; McEnteggart, Ciara",The on-going search for perspective-taking IRAPs: Exploring the potential of the natural language-IRAP,3,33,TRUE,within,1,
8H6DA35M,10.1007/s40732-019-00333-w,2019,"Kavanagh, Deirdre; Roelandt, Adeline; Raemdonck, Lisa; Barnes-Holmes, Yvonne; Barnes-Holmes, Dermot; McEnteggart, Ciara",The on-going search for perspective-taking IRAPs: Exploring the potential of the natural language-IRAP,4,30,TRUE,within,1,
8H6DA35M,10.1007/s40732-019-00333-w,2019,"Kavanagh, Deirdre; Roelandt, Adeline; Raemdonck, Lisa; Barnes-Holmes, Yvonne; Barnes-Holmes, Dermot; McEnteggart, Ciara",The on-going search for perspective-taking IRAPs: Exploring the potential of the natural language-IRAP,5,30,TRUE,within,1,
8H6DA35M,10.1007/s40732-019-00333-w,2019,"Kavanagh, Deirdre; Roelandt, Adeline; Raemdonck, Lisa; Barnes-Holmes, Yvonne; Barnes-Holmes, Dermot; McEnteggart, Ciara",The on-going search for perspective-taking IRAPs: Exploring the potential of the natural language-IRAP,6,30,TRUE,within,1,
DXDAVGHW,10.1007/s40732-019-00349-2,2019,"Bast, Diana; Fitzpatrick, Jane; Stewart, Ian; Goyos, Celso",Using the Implicit Relational Assessment Procedure (IRAP) as a measure of reaction to perceived failure and the effects of a defusion intervention in this context,1,29,TRUE,mixed,2,
96BDLVAT,,2019,"Was, Margaret; Foody, Mairéad; Murphy, Carol",Using the Implicit Relational Assessment Procedure (IRAP) to investigate attractiveness bias in the domain of employability,1,35,TRUE,between,2,
QELGUIVU,,2020,"Hendriks, Annemieke L.; McEnteggart, Ciara; Barnes-Holmes, Yvonne; De Mey, Hubert R. A.; Witteman, Cilia L. M.; Janssen, Gwenny T. L.; Egger, Jos",Assessing deictic relational responding in psychosis using the Implicit Relational Assessment Procedure,1,55,TRUE,mixed,2,
3DLJ8ZDK,,2020,"Hendriks, Annemieke L.; McEnteggart, Ciara; Barnes-Holmes, Yvonne; Veltmaat, Anouk; De Mey, Hubert R. A.; Witteman, Cilia L. M.; Janssen, Gwenny T. L.; Egger, Jos",Assessing deictic relational responding in social anxiety using the Implicit Relational Assessment Procedure,1,75,TRUE,mixed,2,
AGZTLUCT,10.1177/1471301218804727,2020,"Kane, Alan; Murphy, Carol; Kelly, Michelle",Assessing implicit and explicit dementia stigma in young adults and care-workers,1,40,TRUE,mixed,2,
VYDDRDC9,10.1080/13632752.2020.1729609,2020,"Scanlon, Geraldine; McEnteggart, Ciara; Barnes-Holmes, Yvonne",Attitudes to pupils with EBD: An implicit approach,1,80,TRUE,between,4,
VYDDRDC9,10.1080/13632752.2020.1729609,2020,"Scanlon, Geraldine; McEnteggart, Ciara; Barnes-Holmes, Yvonne",Attitudes to pupils with EBD: An implicit approach,2,40,TRUE,between,2,
FQH2U3ZR,10.1007/s40732-019-00360-7,2020,"Maloney, Emma; Foody, Mairéad; Murphy, Carol",Do response options in the Implicit Relational Assessment Procedure (IRAP) matter? A comparison of contextual relations versus relational coherent indicators,1,51,TRUE,within,1,
6C8DT2HT,10.1007/s11218-020-09576-w,2020,"Farrell, Lynn; Nearchou, Finiki; McHugh, Louise",Examining the effectiveness of brief interventions to strengthen a positive implicit relation between women and STEM across two timepoints,1,210,TRUE,mixed,4,
U5PMGA77,10.1016/j.jcbs.2019.12.008,2020,"Farrell, Lynn; McHugh, Louise",Exploring the relationship between implicit and explicit gender-STEM bias and behavior among STEM students using the Implicit Relational Assessment Procedure,1,50,TRUE,within,1,
3WQV3JLC,,2020,"Rice, Hannah; Murphy, Carol; Nolan, Conor; Kelly, Michelle",Measuring implicit attractiveness bias in the context of innocence and guilt evaluations,1,46,TRUE,mixed,2,
SZF3GG88,10.1007/s40732-020-00416-z,2020,"Inoue, Kazuya; Shima, Taiki; Takahashi, Madoka; Lee, Steve K.; Ohtsuki, Tomu; Kumano, Hiroaki",Reliability and validity of the Implicit Relational Assessment Procedure (IRAP) as a measure of Change Agenda,1,83,TRUE,mixed,2,
3NX4FVNT,10.1016/j.jbtep.2020.101598,2020,"Nasso, Selene; Vanderhasselt, Marie-Anne; De Raedt, Rudi",Testing the neurocognitive framework for regulation expectation: The relationship between actual/ideal self-esteem and proactive/reactive autonomic stress regulation,1,45,TRUE,within,1,
BWZ7CHTV,10.1007/s40732-019-00363-4,2020,"Bast, Diana; Lyons, Christina; Stewart, Ian; Connor, Thomas; Kelly, Michelle; Goyos, Celso",The effect of educational messages on implicit and explicit attitudes towards individuals on the autism spectrum versus normally developing individuals,1,50,TRUE,mixed,2,
K7392RGF,10.1007/s40732-020-00378-2,2020,"Pinto, Joana Andrade Ramalho; de Almeida, Rodrigo Vianna; Bortoloti, Renato",The stimulus’ orienting function may play an important role in IRAP performance: Supportive evidence from an eye-tracking study of brands,1,17,TRUE,within,1,
ZUI48CZA,10.1016/j.beproc.2019.104027,2020,"Leech, Aileen; Barnes-Holmes, Dermot",Training and testing for a transformation of fear and avoidance functions via combinatorial entailment using the Implicit Relational Assessment Procedure (IRAP): Further exploratory analyses,1,35,TRUE,mixed,2,
EML8L7P8,10.1007/s40732-020-00401-6,2020,"Fleming, Katie; Foody, Mairéad; Murphy, Carol","Using the Implicit Relational Assessment Procedure (IRAP) to examine implicit gender stereotypes in science, technology, engineering and maths (STEM)",1,33,TRUE,mixed,2,
URQBDE9T,,2020,"Curtis, Aisling; Foody, Mairéad; Kelly, Michelle; Murphy, Carol",Using the Implicit Relational Assessment Procedure to explore students’ implicit age discrimination of toxic versus innocuous phrases,1,60,TRUE,mixed,2,
N3VDKDB9,10.1016/j.jcbs.2021.06.008,2021,"Michnevich, Twyla; Schmidt, Alexander F.; Scheunemann, Jakob; Moritz, Steffen; Miegel, Franziska; Jelinek, Lena",Aggressiveness in patients with obsessive-compulsive disorder as assessed by the implicit relational assessment procedure,1,90,TRUE,mixed,1,
UXKIDUYY,10.1007/s40732-020-00445-8,2021,"Cabrera, Isabel; Márquez-González, María; Kishita, Naoko; Vara-García, Carlos; Losada, Andrés",Development and validation of an Implicit Relational Assessment Procedure (IRAP) to measure implicit dysfunctional beliefs about caregiving in dementia family caregivers,1,58,TRUE,within,1,
8PBSZYDI,10.1007/s42822-021-00061-3,2021,"Paliliunas, Dana; Frizell, Chynna B.",Evaluation of college students’ implicit biases toward believability of claims of sexual harassment using the Implicit Relational Assessment Procedure (IRAP),1,21,TRUE,between,2,
6DZ9Z2BT,10.1007/s40732-020-00428-9,2021,"Pidgeon, Audrey; McEnteggart, Ciara; Harte, Colin; Barnes-Holmes, Dermot; Barnes-Holmes, Yvonne",Four self-related IRAPs: Analyzing and interpreting effects in light of the DAARRE model,1,30,TRUE,between,2,
6DZ9Z2BT,10.1007/s40732-020-00428-9,2021,"Pidgeon, Audrey; McEnteggart, Ciara; Harte, Colin; Barnes-Holmes, Dermot; Barnes-Holmes, Yvonne",Four self-related IRAPs: Analyzing and interpreting effects in light of the DAARRE model,2,30,TRUE,within,1,
HZ3WNSHA,10.1016/j.jcbs.2021.06.005,2021,"Schmidt, Margarete; de Rose, Julio C.; Bortoloti, Renato","Relating, orienting and evoking functions in an IRAP study involving emotional pictographs (emojis) used in electronic messages",1,41,TRUE,within,1,
AM4KK3J3,10.1186/s40337-021-00434-4,2021,"Hernández-López, Monica; Quinones-Jimenez, Lourdes; Blanco-Romero, Alberto L.; Rodriguez-Valverde, Miguel",Testing the discrepancy between actual and ideal body image with the Implicit Relational Assessment Procedure (IRAP),1,107,TRUE,within,1,
23UHYRHE,10.1007/s42822-021-00075-x,2021,"Moreira, Murilo; de Almeida, João Henrique; de Rose, Julio C.",The impact of career choice on the implicit gender–career bias among undergraduate Brazilian students,1,82,TRUE,mixed,4,
TEQCLYYP,10.1007/s40732-020-00406-1,2021,"Rezende, Mauro Carvalho; Bast, Diana; Huziwara, Edson Massayuki; Bortoloti, Renato",The implicit relational assessment procedure as a measure of hopelessness in the elderly: An exploratory study,1,37,TRUE,mixed,2,
8X27WIPN,10.1007/s40732-020-00427-w,2021,"Murphy, Rachel; Murphy, Carol; Kelly, Michelle; Roche, Bryan",Using the Implicit Relational Assessment Procedure (IRAP) to examine implicit beauty bias in the context of employability,1,24,TRUE,mixed,2,
8X27WIPN,10.1007/s40732-020-00427-w,2021,"Murphy, Rachel; Murphy, Carol; Kelly, Michelle; Roche, Bryan",Using the Implicit Relational Assessment Procedure (IRAP) to examine implicit beauty bias in the context of employability,2,52,TRUE,mixed,2,
RD6I9G9Y,10.1007/s40732-021-00500-y,2022,"Kavanagh, Deirdre; Barnes-Holmes, Yvonne; Barnes-Holmes, Dermot",Attempting to Analyze Perspective-Taking with a False Belief Vignette Using the Implicit Relational Assessment Procedure,1,60,TRUE,mixed,2,
RD6I9G9Y,10.1007/s40732-021-00500-y,2022,"Kavanagh, Deirdre; Barnes-Holmes, Yvonne; Barnes-Holmes, Dermot",Attempting to Analyze Perspective-Taking with a False Belief Vignette Using the Implicit Relational Assessment Procedure,2,64,TRUE,mixed,4,
L8E4E5HL,10.1007/s40732-021-00470-1,2022,"Leech, Aileen; Barnes-Holmes, Dermot",Fear and Avoidance: A Three-Day Investigation on the Impact of a Fear-Related Verbal-Rehearsal Task on a Behavior-Behavior Relation,1,87,TRUE,mixed,2,
D6JNLGEF,10.3390/ijerph19074205,2022,"Simione, Luca; Vagni, Monia; Maiorano, Tiziana; Giostra, Valeria; Pajardi, Daniela",How Implicit Attitudes toward Vaccination Affect Vaccine Hesitancy and Behaviour: Developing and Validating the V-IRAP,1,134,TRUE,mixed,2,
PYADQXZL,10.1007/s40732-022-00512-2,2022,"Murphy, Carol; Maloney, Emma; Kelly, Michelle",The Role of Relational Contextual Cues versus Relational Coherence Indicators as Response Options on the Implicit Relational Assessment Procedure,1,40,TRUE,between,8,
TSVDI9SJ,10.1007/s40732-021-00474-x,2022,"Nolan, Conor; Murphy, Carol; Kelly, Michelle",Using the IRAP to investigate gender biases towards ADHD and anxiety,1,32,TRUE,within,1,
MZC6I5IS,10.3389/fpsyg.2022.819793,2022,"Glock, Sabine; Shevchuk, Anna; Kleen, Hannah",Why Is Murat's Achievement So Low? Causal Attributions and Implicit Attitudes Toward Ethnic Minority Students Predict Preservice Teachers' Judgments About Achievement,1,73,TRUE,within,1,