id,authors_include_bh,authors_include_bh_students,article,specific_criterion_variable_type,irap_variable,criterion_variable,irap_variable_usage,es_included_in_vahey_meta,r_vahey,r_from_paper,r_inversion,n_from_paper,problematic_analysis,clinically_relevant_criterion_rater_1,clinically_relevant_criterion_rater_2,clinically_relevant_criterion_either_rater,predictable_correlation_rater_1,predictable_correlation_rater_2,notes,
1,TRUE,TRUE,Carpenter et al. (2012),continuous,With-cocaine-positive tt at baseline,n vouchers,correlation,TRUE,0.46,0.46,TRUE,19,FALSE,TRUE,FALSE,TRUE,TRUE,TRUE,,
2,TRUE,TRUE,Carpenter et al. (2012),continuous,With-cocaine-positive tt at baseline,% attendance,correlation,TRUE,0.58,0.58,TRUE,19,FALSE,FALSE,FALSE,FALSE,NA,NA,,
3,TRUE,TRUE,Carpenter et al. (2012),continuous,With-cocaine-positive tt at baseline,% negative urine tests,correlation,TRUE,0.56,0.56,TRUE,19,FALSE,TRUE,TRUE,TRUE,TRUE,TRUE,,
4,TRUE,TRUE,Carpenter et al. (2012),continuous,With-cocaine-negative tt at baseline,n vouchers,correlation,TRUE,0.38,0.38,TRUE,19,FALSE,TRUE,FALSE,TRUE,TRUE,TRUE,,
5,TRUE,TRUE,Carpenter et al. (2012),continuous,With-cocaine-negative tt at baseline,% attendance,correlation,TRUE,0.48,0.48,TRUE,19,FALSE,FALSE,FALSE,FALSE,NA,NA,,
6,TRUE,TRUE,Carpenter et al. (2012),continuous,With-cocaine-negative tt at baseline,% negative urine tests,correlation,TRUE,0.48,0.48,TRUE,19,FALSE,TRUE,TRUE,TRUE,TRUE,TRUE,,
7,TRUE,TRUE,Carpenter et al. (2012),continuous,no-cocaine-positive tt at baseline,n vouchers,correlation,TRUE,0.47,0.03,TRUE,19,FALSE,TRUE,FALSE,TRUE,TRUE,TRUE,,
8,TRUE,TRUE,Carpenter et al. (2012),continuous,no-cocaine-positive tt at baseline,% attendance,correlation,TRUE,0.23,0.19,TRUE,19,FALSE,FALSE,FALSE,FALSE,NA,NA,,
9,TRUE,TRUE,Carpenter et al. (2012),continuous,no-cocaine-positive tt at baseline,% negative urine tests,correlation,TRUE,0.40,0.18,TRUE,19,FALSE,TRUE,TRUE,TRUE,TRUE,TRUE,,
57,TRUE,TRUE,Carpenter et al. (2012),continuous,no-cocaine-negative tt at baseline,n vouchers,correlation,FALSE,NA,0.47,TRUE,19,FALSE,TRUE,FALSE,TRUE,TRUE,TRUE,,
58,TRUE,TRUE,Carpenter et al. (2012),continuous,no-cocaine-negative tt at baseline,% attendance,correlation,FALSE,NA,0.23,TRUE,19,FALSE,FALSE,FALSE,FALSE,NA,NA,,
59,TRUE,TRUE,Carpenter et al. (2012),continuous,no-cocaine-negative tt at baseline,% negative urine tests,correlation,FALSE,NA,0.40,TRUE,19,FALSE,TRUE,TRUE,TRUE,TRUE,TRUE,,
60,TRUE,TRUE,Carpenter et al. (2012),continuous,With-cocaine-positive tt at baseline,n vouchers t2,correlation,FALSE,NA,0.45,TRUE,19,FALSE,TRUE,FALSE,TRUE,TRUE,TRUE,,
61,TRUE,TRUE,Carpenter et al. (2012),continuous,With-cocaine-positive tt at baseline,% attendance t2,correlation,FALSE,NA,0.37,TRUE,19,FALSE,FALSE,FALSE,FALSE,NA,NA,,
62,TRUE,TRUE,Carpenter et al. (2012),continuous,With-cocaine-positive tt at baseline,% negative urine tests t2,correlation,FALSE,NA,0.46,TRUE,19,FALSE,TRUE,TRUE,TRUE,TRUE,TRUE,,
63,TRUE,TRUE,Carpenter et al. (2012),continuous,With-cocaine-negative tt at baseline,n vouchers t2,correlation,FALSE,NA,0.37,TRUE,19,FALSE,TRUE,FALSE,TRUE,TRUE,TRUE,,
64,TRUE,TRUE,Carpenter et al. (2012),continuous,With-cocaine-negative tt at baseline,% attendance t2,correlation,FALSE,NA,0.24,TRUE,19,FALSE,FALSE,FALSE,FALSE,NA,NA,,
65,TRUE,TRUE,Carpenter et al. (2012),continuous,With-cocaine-negative tt at baseline,% negative urine tests t2,correlation,FALSE,NA,0.36,TRUE,19,FALSE,TRUE,TRUE,TRUE,TRUE,TRUE,,
66,TRUE,TRUE,Carpenter et al. (2012),continuous,no-cocaine-positive tt at baseline,n vouchers t2,correlation,FALSE,NA,0.13,TRUE,19,FALSE,TRUE,FALSE,TRUE,TRUE,TRUE,,
67,TRUE,TRUE,Carpenter et al. (2012),continuous,no-cocaine-positive tt at baseline,% attendance t2,correlation,FALSE,NA,0.08,TRUE,19,FALSE,FALSE,FALSE,FALSE,NA,NA,,
68,TRUE,TRUE,Carpenter et al. (2012),continuous,no-cocaine-positive tt at baseline,% negative urine tests t2,correlation,FALSE,NA,0.13,TRUE,19,FALSE,TRUE,TRUE,TRUE,TRUE,TRUE,,
69,TRUE,TRUE,Carpenter et al. (2012),continuous,no-cocaine-negative tt at baseline,n vouchers t2,correlation,FALSE,NA,0.01,TRUE,19,FALSE,TRUE,FALSE,TRUE,TRUE,TRUE,,
70,TRUE,TRUE,Carpenter et al. (2012),continuous,no-cocaine-negative tt at baseline,% attendance t2,correlation,FALSE,NA,-0.18,TRUE,19,FALSE,FALSE,FALSE,FALSE,NA,NA,,
71,TRUE,TRUE,Carpenter et al. (2012),continuous,no-cocaine-negative tt at baseline,% negative urine tests t2,correlation,FALSE,NA,0.01,TRUE,19,FALSE,TRUE,TRUE,TRUE,TRUE,TRUE,,
72,TRUE,TRUE,Carpenter et al. (2012),continuous,With-cocaine-positive tt at baseline,entering phase 2,correlation,FALSE,NA,0.42,TRUE,19,FALSE,FALSE,FALSE,FALSE,NA,NA,point biserial correlation,
73,TRUE,TRUE,Carpenter et al. (2012),continuous,With-cocaine-negative tt at baseline,entering phase 2,correlation,FALSE,NA,0.37,TRUE,19,FALSE,FALSE,FALSE,FALSE,NA,NA,point biserial correlation,
74,TRUE,TRUE,Carpenter et al. (2012),continuous,no-cocaine-positive tt at baseline,entering phase 2,correlation,FALSE,NA,0.13,TRUE,19,FALSE,FALSE,FALSE,FALSE,NA,NA,point biserial correlation,
75,TRUE,TRUE,Carpenter et al. (2012),continuous,no-cocaine-negative tt at baseline,entering phase 2,correlation,FALSE,NA,0.01,TRUE,19,FALSE,FALSE,FALSE,FALSE,NA,NA,point biserial correlation,
76,TRUE,TRUE,Carpenter et al. (2012),continuous,overall D,n vouchers,correlation,FALSE,NA,0.43,TRUE,19,FALSE,TRUE,FALSE,TRUE,TRUE,TRUE,,
77,TRUE,TRUE,Carpenter et al. (2012),continuous,overall D,% attendance,correlation,FALSE,NA,0.47,TRUE,19,FALSE,FALSE,FALSE,FALSE,NA,NA,,
78,TRUE,TRUE,Carpenter et al. (2012),continuous,overall D,% negative urine tests,correlation,FALSE,NA,0.52,TRUE,19,FALSE,TRUE,FALSE,TRUE,TRUE,TRUE,,
79,TRUE,TRUE,Carpenter et al. (2012),continuous,overall D,entering phase 2,correlation,FALSE,NA,0.29,TRUE,19,FALSE,FALSE,FALSE,FALSE,NA,NA,point biserial correlation,
80,TRUE,TRUE,Carpenter et al. (2012),continuous,overall D,n vouchers t2,correlation,FALSE,NA,0.30,TRUE,19,FALSE,TRUE,FALSE,TRUE,TRUE,TRUE,,
81,TRUE,TRUE,Carpenter et al. (2012),continuous,overall D,% attendance t2,correlation,FALSE,NA,0.16,TRUE,19,FALSE,FALSE,FALSE,FALSE,NA,NA,,
82,TRUE,TRUE,Carpenter et al. (2012),continuous,overall D,% negative urine tests t2,correlation,FALSE,NA,0.30,TRUE,19,FALSE,TRUE,TRUE,TRUE,TRUE,TRUE,,
10,TRUE,TRUE,Dawson et al. (2009),group,Child-sexual tt,controls vs paedophilic sex-offenders,correlation,TRUE,0.41,0.41,FALSE,32,FALSE,TRUE,TRUE,TRUE,TRUE,TRUE,,
11,TRUE,TRUE,Dawson et al. (2009),IRAP effect significance from zero test,Child-sexual trial-type DIRAP,IRAP effect significance from zero test,IRAP effect significance from zero test,TRUE,0.56,NA,NA,16,TRUE,NA,NA,NA,NA,NA,Positive one-group effect among controls. ES not reported in paper - Did vahey get additional info from authors? Not reextracted as it removed as a problematic analysis.,
12,TRUE,TRUE,Dawson et al. (2009),IRAP effect significance from zero test,Child-innocent trial-type DIRAP,IRAP effect significance from zero test,IRAP effect significance from zero test,TRUE,0.42,NA,NA,16,TRUE,NA,NA,NA,NA,NA,Positive one-group effect among controls. ES not reported in paper - Did vahey get additional info from authors? Not reextracted as it removed as a problematic analysis.,
13,TRUE,TRUE,Dawson et al. (2009),IRAP effect significance from zero test,Adult-sexual trial-type DIRAP,IRAP effect significance from zero test,IRAP effect significance from zero test,TRUE,0.58,NA,NA,16,TRUE,NA,NA,NA,NA,NA,Positive one-group effect among controls. ES not reported in paper - Did vahey get additional info from authors? Not reextracted as it removed as a problematic analysis.,
14,TRUE,TRUE,Dawson et al. (2009),IRAP effect significance from zero test,Adult-innocent trial-type DIRAP,IRAP effect significance from zero test,IRAP effect significance from zero test,TRUE,0.33,NA,NA,16,TRUE,NA,NA,NA,NA,NA,Positive one-group effect among controls. ES not reported in paper - Did vahey get additional info from authors? Not reextracted as it removed as a problematic analysis.,
83,TRUE,TRUE,Dawson et al. (2009),continouous,Adult-sexual trial-type DIRAP,approx no. previous offences,correlation,FALSE,NA,0.08,TRUE,16,FALSE,TRUE,TRUE,TRUE,TRUE,TRUE,values obtained from authors,
84,TRUE,TRUE,Dawson et al. (2009),continouous,Adult-innocent trial-type DIRAP,approx no. previous offences,correlation,FALSE,NA,0.09,TRUE,16,FALSE,TRUE,TRUE,TRUE,TRUE,TRUE,values obtained from authors,
85,TRUE,TRUE,Dawson et al. (2009),continouous,Child-sexual trial-type DIRAP,approx no. previous offences,correlation,FALSE,NA,0.21,TRUE,16,FALSE,TRUE,TRUE,TRUE,TRUE,TRUE,values obtained from authors,
86,TRUE,TRUE,Dawson et al. (2009),continouous,Child-innocent trial-type DIRAP,approx no. previous offences,correlation,FALSE,NA,0.18,TRUE,16,FALSE,TRUE,TRUE,TRUE,TRUE,TRUE,values obtained from authors,
87,TRUE,TRUE,Dawson et al. (2009),continouous,overall D,approx no. previous offences,correlation,FALSE,NA,0.21,TRUE,16,FALSE,TRUE,TRUE,TRUE,TRUE,TRUE,values obtained from authors,
88,TRUE,TRUE,Dawson et al. (2009),continouous,Adult-sexual trial-type DIRAP,approx weeks in treatment,correlation,FALSE,NA,0.26,TRUE,16,FALSE,FALSE,FALSE,FALSE,NA,NA,values obtained from authors,
89,TRUE,TRUE,Dawson et al. (2009),continouous,Adult-innocent trial-type DIRAP,approx weeks in treatment,correlation,FALSE,NA,0.04,TRUE,16,FALSE,FALSE,FALSE,FALSE,NA,NA,values obtained from authors,
90,TRUE,TRUE,Dawson et al. (2009),continouous,Child-sexual trial-type DIRAP,approx weeks in treatment,correlation,FALSE,NA,0.17,TRUE,16,FALSE,FALSE,FALSE,FALSE,NA,NA,values obtained from authors,
91,TRUE,TRUE,Dawson et al. (2009),continouous,Child-innocent trial-type DIRAP,approx weeks in treatment,correlation,FALSE,NA,0.21,TRUE,16,FALSE,FALSE,FALSE,FALSE,NA,NA,values obtained from authors,
92,TRUE,TRUE,Dawson et al. (2009),continouous,overall D,approx weeks in treatment,correlation,FALSE,NA,0.23,TRUE,16,FALSE,FALSE,FALSE,FALSE,NA,NA,values obtained from authors,
15,TRUE,TRUE,Hooper et al. (2010),group,Compound DIRAP for all four IRAP trial-types about experiential avoidance,mindfulness group,DV,TRUE,0.44,NA,NA,24,TRUE,NA,NA,NA,NA,NA,Vahey treats etap2 as if it is eta2 and converts to r; however these are not equal for such an interaction effect. Not reextracted as it removed as a problematic analysis.,
93,TRUE,TRUE,Hooper et al. (2010),continuous,overall d pre,aaq,correlation,FALSE,NA,0.18,FALSE,24,FALSE,FALSE,FALSE,FALSE,NA,NA,,
94,TRUE,TRUE,Hooper et al. (2010),continuous,overall d post,aaq,correlation,FALSE,NA,-0.49,FALSE,24,FALSE,FALSE,FALSE,FALSE,NA,NA,,
16,TRUE,TRUE,Hussey & Barnes-Holmes (2012),group,Compound DIRAP for all four IRAP trial-types about depressive thinking,Within-between intereaction - controls versus group with mild depression from baseline across an intervention designed to induce sad thinking,DV,TRUE,0.51,0.15,NA,30,TRUE,NA,NA,NA,NA,NA,"Vahey treats etap2 as if it is eta2 and converts to r; however these are not equal for such an interaction effect. They asked me for my raw data at the time so had the opportunity to calculate the correct value. r calculated from new anova fit to raw data (a) confirms result report in the paper, and (b) provides the correct r value for meta.",
95,TRUE,TRUE,Hussey & Barnes-Holmes (2012),continouous,Life Good - Feel Good Before Exposure,dass d,correlation,FALSE,NA,0.16,FALSE,30,FALSE,TRUE,TRUE,TRUE,TRUE,TRUE,raw data obtained from authors,
96,TRUE,TRUE,Hussey & Barnes-Holmes (2012),continouous,Life Good - Feel Bad Before Exposure,dass d,correlation,FALSE,NA,0.15,FALSE,30,FALSE,TRUE,TRUE,TRUE,TRUE,TRUE,raw data obtained from authors,
97,TRUE,TRUE,Hussey & Barnes-Holmes (2012),continouous,Life Bad - Feel Good Before Exposure uninverted,dass d,correlation,FALSE,NA,-0.03,FALSE,30,FALSE,TRUE,TRUE,TRUE,TRUE,TRUE,raw data obtained from authors,
98,TRUE,TRUE,Hussey & Barnes-Holmes (2012),continouous,Life Bad - Feel Bad Before Exposure uninverted,dass d,correlation,FALSE,NA,-0.08,FALSE,30,FALSE,TRUE,TRUE,TRUE,TRUE,TRUE,raw data obtained from authors,
99,TRUE,TRUE,Hussey & Barnes-Holmes (2012),continouous,overall d pre,dass d,correlation,FALSE,NA,0.05,FALSE,30,FALSE,TRUE,TRUE,TRUE,TRUE,TRUE,raw data obtained from authors,
100,TRUE,TRUE,Hussey & Barnes-Holmes (2012),continouous,Life Good - Feel Good After Exposure,dass d,correlation,FALSE,NA,-0.07,FALSE,30,FALSE,TRUE,TRUE,TRUE,TRUE,TRUE,raw data obtained from authors,
101,TRUE,TRUE,Hussey & Barnes-Holmes (2012),continouous,Life Good - Feel Bad After Exposure,dass d,correlation,FALSE,NA,0.04,FALSE,30,FALSE,TRUE,TRUE,TRUE,TRUE,TRUE,raw data obtained from authors,
102,TRUE,TRUE,Hussey & Barnes-Holmes (2012),continouous,Life Bad - Feel Good After Exposure uninverted,dass d,correlation,FALSE,NA,0.15,FALSE,30,FALSE,TRUE,TRUE,TRUE,TRUE,TRUE,raw data obtained from authors,
103,TRUE,TRUE,Hussey & Barnes-Holmes (2012),continouous,Life Bad - Feel Bad After Exposure uninverted,dass d,correlation,FALSE,NA,0.39,FALSE,30,FALSE,TRUE,TRUE,TRUE,TRUE,TRUE,raw data obtained from authors,
104,TRUE,TRUE,Hussey & Barnes-Holmes (2012),continouous,overall d post,dass d,correlation,FALSE,NA,0.16,FALSE,30,FALSE,TRUE,TRUE,TRUE,TRUE,TRUE,raw data obtained from authors,
105,TRUE,TRUE,Hussey & Barnes-Holmes (2012),continouous,Life Good - Feel Good prepost change,dass d,correlation,FALSE,NA,-0.19,FALSE,30,FALSE,TRUE,TRUE,TRUE,TRUE,TRUE,raw data obtained from authors,
106,TRUE,TRUE,Hussey & Barnes-Holmes (2012),continouous,Life Good - Feel Bad change,dass d,correlation,FALSE,NA,-0.10,FALSE,30,FALSE,TRUE,TRUE,TRUE,TRUE,TRUE,raw data obtained from authors,
107,TRUE,TRUE,Hussey & Barnes-Holmes (2012),continouous,Life Bad - Feel Good uninverted change,dass d,correlation,FALSE,NA,0.17,FALSE,30,FALSE,TRUE,TRUE,TRUE,TRUE,TRUE,raw data obtained from authors,
108,TRUE,TRUE,Hussey & Barnes-Holmes (2012),continouous,Life Bad - Feel Bad uninverted change,dass d,correlation,FALSE,NA,0.41,FALSE,30,FALSE,TRUE,TRUE,TRUE,TRUE,TRUE,raw data obtained from authors,
109,TRUE,TRUE,Hussey & Barnes-Holmes (2012),continouous,overall d prepost change,dass d,correlation,FALSE,NA,0.11,FALSE,30,FALSE,TRUE,TRUE,TRUE,TRUE,TRUE,raw data obtained from authors,
110,TRUE,TRUE,Hussey & Barnes-Holmes (2012),continouous,Life Good - Feel Good Before Exposure,dass a,correlation,FALSE,NA,0.29,FALSE,30,FALSE,TRUE,TRUE,TRUE,TRUE,TRUE,raw data obtained from authors,
111,TRUE,TRUE,Hussey & Barnes-Holmes (2012),continouous,Life Good - Feel Bad Before Exposure,dass a,correlation,FALSE,NA,0.18,FALSE,30,FALSE,TRUE,TRUE,TRUE,TRUE,TRUE,raw data obtained from authors,
112,TRUE,TRUE,Hussey & Barnes-Holmes (2012),continouous,Life Bad - Feel Good Before Exposure uninverted,dass a,correlation,FALSE,NA,-0.06,FALSE,30,FALSE,TRUE,TRUE,TRUE,TRUE,TRUE,raw data obtained from authors,
113,TRUE,TRUE,Hussey & Barnes-Holmes (2012),continouous,Life Bad - Feel Bad Before Exposure uninverted,dass a,correlation,FALSE,NA,0.16,FALSE,30,FALSE,TRUE,TRUE,TRUE,TRUE,TRUE,raw data obtained from authors,
114,TRUE,TRUE,Hussey & Barnes-Holmes (2012),continouous,overall d pre,dass a,correlation,FALSE,NA,0.16,FALSE,30,FALSE,TRUE,TRUE,TRUE,TRUE,TRUE,raw data obtained from authors,
115,TRUE,TRUE,Hussey & Barnes-Holmes (2012),continouous,Life Good - Feel Good After Exposure,dass a,correlation,FALSE,NA,-0.05,FALSE,30,FALSE,TRUE,TRUE,TRUE,TRUE,TRUE,raw data obtained from authors,
116,TRUE,TRUE,Hussey & Barnes-Holmes (2012),continouous,Life Good - Feel Bad After Exposure,dass a,correlation,FALSE,NA,0.08,FALSE,30,FALSE,TRUE,TRUE,TRUE,TRUE,TRUE,raw data obtained from authors,
117,TRUE,TRUE,Hussey & Barnes-Holmes (2012),continouous,Life Bad - Feel Good After Exposure uninverted,dass a,correlation,FALSE,NA,-0.07,FALSE,30,FALSE,TRUE,TRUE,TRUE,TRUE,TRUE,raw data obtained from authors,
118,TRUE,TRUE,Hussey & Barnes-Holmes (2012),continouous,Life Bad - Feel Bad After Exposure uninverted,dass a,correlation,FALSE,NA,0.25,FALSE,30,FALSE,TRUE,TRUE,TRUE,TRUE,TRUE,raw data obtained from authors,
119,TRUE,TRUE,Hussey & Barnes-Holmes (2012),continouous,overall d post,dass a,correlation,FALSE,NA,0.07,FALSE,30,FALSE,TRUE,TRUE,TRUE,TRUE,TRUE,raw data obtained from authors,
120,TRUE,TRUE,Hussey & Barnes-Holmes (2012),continouous,Life Good - Feel Good prepost change,dass a,correlation,FALSE,NA,-0.30,FALSE,30,FALSE,TRUE,TRUE,TRUE,TRUE,TRUE,raw data obtained from authors,
121,TRUE,TRUE,Hussey & Barnes-Holmes (2012),continouous,Life Good - Feel Bad change,dass a,correlation,FALSE,NA,-0.08,FALSE,30,FALSE,TRUE,TRUE,TRUE,TRUE,TRUE,raw data obtained from authors,
122,TRUE,TRUE,Hussey & Barnes-Holmes (2012),continouous,Life Bad - Feel Good uninverted change,dass a,correlation,FALSE,NA,0.00,FALSE,30,FALSE,TRUE,TRUE,TRUE,TRUE,TRUE,raw data obtained from authors,
123,TRUE,TRUE,Hussey & Barnes-Holmes (2012),continouous,Life Bad - Feel Bad uninverted change,dass a,correlation,FALSE,NA,0.05,FALSE,30,FALSE,TRUE,TRUE,TRUE,TRUE,TRUE,raw data obtained from authors,
124,TRUE,TRUE,Hussey & Barnes-Holmes (2012),continouous,overall d prepost change,dass a,correlation,FALSE,NA,-0.14,FALSE,30,FALSE,TRUE,TRUE,TRUE,TRUE,TRUE,raw data obtained from authors,
125,TRUE,TRUE,Hussey & Barnes-Holmes (2012),continouous,Life Good - Feel Good Before Exposure,dass s,correlation,FALSE,NA,0.10,FALSE,30,FALSE,FALSE,FALSE,FALSE,NA,NA,raw data obtained from authors,
126,TRUE,TRUE,Hussey & Barnes-Holmes (2012),continouous,Life Good - Feel Bad Before Exposure,dass s,correlation,FALSE,NA,-0.04,FALSE,30,FALSE,FALSE,FALSE,FALSE,NA,NA,raw data obtained from authors,
127,TRUE,TRUE,Hussey & Barnes-Holmes (2012),continouous,Life Bad - Feel Good Before Exposure uninverted,dass s,correlation,FALSE,NA,-0.11,FALSE,30,FALSE,FALSE,FALSE,FALSE,NA,NA,raw data obtained from authors,
128,TRUE,TRUE,Hussey & Barnes-Holmes (2012),continouous,Life Bad - Feel Bad Before Exposure uninverted,dass s,correlation,FALSE,NA,0.02,FALSE,30,FALSE,FALSE,FALSE,FALSE,NA,NA,raw data obtained from authors,
129,TRUE,TRUE,Hussey & Barnes-Holmes (2012),continouous,overall d pre,dass s,correlation,FALSE,NA,-0.02,FALSE,30,FALSE,FALSE,FALSE,FALSE,NA,NA,raw data obtained from authors,
130,TRUE,TRUE,Hussey & Barnes-Holmes (2012),continouous,Life Good - Feel Good After Exposure,dass s,correlation,FALSE,NA,0.20,FALSE,30,FALSE,FALSE,FALSE,FALSE,NA,NA,raw data obtained from authors,
131,TRUE,TRUE,Hussey & Barnes-Holmes (2012),continouous,Life Good - Feel Bad After Exposure,dass s,correlation,FALSE,NA,0.02,FALSE,30,FALSE,FALSE,FALSE,FALSE,NA,NA,raw data obtained from authors,
132,TRUE,TRUE,Hussey & Barnes-Holmes (2012),continouous,Life Bad - Feel Good After Exposure uninverted,dass s,correlation,FALSE,NA,-0.06,FALSE,30,FALSE,FALSE,FALSE,FALSE,NA,NA,raw data obtained from authors,
133,TRUE,TRUE,Hussey & Barnes-Holmes (2012),continouous,Life Bad - Feel Bad After Exposure uninverted,dass s,correlation,FALSE,NA,0.19,FALSE,30,FALSE,FALSE,FALSE,FALSE,NA,NA,raw data obtained from authors,
134,TRUE,TRUE,Hussey & Barnes-Holmes (2012),continouous,overall d post,dass s,correlation,FALSE,NA,0.11,FALSE,30,FALSE,FALSE,FALSE,FALSE,NA,NA,raw data obtained from authors,
135,TRUE,TRUE,Hussey & Barnes-Holmes (2012),continouous,Life Good - Feel Good prepost change,dass s,correlation,FALSE,NA,0.10,FALSE,30,FALSE,FALSE,FALSE,FALSE,NA,NA,raw data obtained from authors,
136,TRUE,TRUE,Hussey & Barnes-Holmes (2012),continouous,Life Good - Feel Bad change,dass s,correlation,FALSE,NA,0.05,FALSE,30,FALSE,FALSE,FALSE,FALSE,NA,NA,raw data obtained from authors,
137,TRUE,TRUE,Hussey & Barnes-Holmes (2012),continouous,Life Bad - Feel Good uninverted change,dass s,correlation,FALSE,NA,0.07,FALSE,30,FALSE,FALSE,FALSE,FALSE,NA,NA,raw data obtained from authors,
138,TRUE,TRUE,Hussey & Barnes-Holmes (2012),continouous,Life Bad - Feel Bad uninverted change,dass s,correlation,FALSE,NA,0.14,FALSE,30,FALSE,FALSE,FALSE,FALSE,NA,NA,raw data obtained from authors,
139,TRUE,TRUE,Hussey & Barnes-Holmes (2012),continouous,overall d prepost change,dass s,correlation,FALSE,NA,0.14,FALSE,30,FALSE,FALSE,FALSE,FALSE,NA,NA,raw data obtained from authors,
140,TRUE,TRUE,Hussey & Barnes-Holmes (2012),continouous,Life Good - Feel Good Before Exposure,aaq,correlation,FALSE,NA,-0.34,FALSE,30,FALSE,FALSE,FALSE,FALSE,NA,NA,raw data obtained from authors,
141,TRUE,TRUE,Hussey & Barnes-Holmes (2012),continouous,Life Good - Feel Bad Before Exposure,aaq,correlation,FALSE,NA,-0.20,FALSE,30,FALSE,FALSE,FALSE,FALSE,NA,NA,raw data obtained from authors,
142,TRUE,TRUE,Hussey & Barnes-Holmes (2012),continouous,Life Bad - Feel Good Before Exposure uninverted,aaq,correlation,FALSE,NA,-0.05,FALSE,30,FALSE,FALSE,FALSE,FALSE,NA,NA,raw data obtained from authors,
143,TRUE,TRUE,Hussey & Barnes-Holmes (2012),continouous,Life Bad - Feel Bad Before Exposure uninverted,aaq,correlation,FALSE,NA,-0.08,FALSE,30,FALSE,FALSE,FALSE,FALSE,NA,NA,raw data obtained from authors,
144,TRUE,TRUE,Hussey & Barnes-Holmes (2012),continouous,overall d pre,aaq,correlation,FALSE,NA,-0.20,FALSE,30,FALSE,FALSE,FALSE,FALSE,NA,NA,raw data obtained from authors,
145,TRUE,TRUE,Hussey & Barnes-Holmes (2012),continouous,Life Good - Feel Good After Exposure,aaq,correlation,FALSE,NA,0.14,FALSE,30,FALSE,FALSE,FALSE,FALSE,NA,NA,raw data obtained from authors,
146,TRUE,TRUE,Hussey & Barnes-Holmes (2012),continouous,Life Good - Feel Bad After Exposure,aaq,correlation,FALSE,NA,0.03,FALSE,30,FALSE,FALSE,FALSE,FALSE,NA,NA,raw data obtained from authors,
147,TRUE,TRUE,Hussey & Barnes-Holmes (2012),continouous,Life Bad - Feel Good After Exposure uninverted,aaq,correlation,FALSE,NA,0.06,FALSE,30,FALSE,FALSE,FALSE,FALSE,NA,NA,raw data obtained from authors,
148,TRUE,TRUE,Hussey & Barnes-Holmes (2012),continouous,Life Bad - Feel Bad After Exposure uninverted,aaq,correlation,FALSE,NA,-0.32,FALSE,30,FALSE,FALSE,FALSE,FALSE,NA,NA,raw data obtained from authors,
149,TRUE,TRUE,Hussey & Barnes-Holmes (2012),continouous,overall d post,aaq,correlation,FALSE,NA,-0.02,FALSE,30,FALSE,FALSE,FALSE,FALSE,NA,NA,raw data obtained from authors,
150,TRUE,TRUE,Hussey & Barnes-Holmes (2012),continouous,Life Good - Feel Good prepost change,aaq,correlation,FALSE,NA,0.42,FALSE,30,FALSE,FALSE,FALSE,FALSE,NA,NA,raw data obtained from authors,
151,TRUE,TRUE,Hussey & Barnes-Holmes (2012),continouous,Life Good - Feel Bad change,aaq,correlation,FALSE,NA,0.23,FALSE,30,FALSE,FALSE,FALSE,FALSE,NA,NA,raw data obtained from authors,
152,TRUE,TRUE,Hussey & Barnes-Holmes (2012),continouous,Life Bad - Feel Good uninverted change,aaq,correlation,FALSE,NA,0.11,FALSE,30,FALSE,FALSE,FALSE,FALSE,NA,NA,raw data obtained from authors,
153,TRUE,TRUE,Hussey & Barnes-Holmes (2012),continouous,Life Bad - Feel Bad uninverted change,aaq,correlation,FALSE,NA,-0.19,FALSE,30,FALSE,FALSE,FALSE,FALSE,NA,NA,raw data obtained from authors,
154,TRUE,TRUE,Hussey & Barnes-Holmes (2012),continouous,overall d prepost change,aaq,correlation,FALSE,NA,0.24,FALSE,30,FALSE,FALSE,FALSE,FALSE,NA,NA,raw data obtained from authors,
17,TRUE,TRUE,Kishita et al. (2014),IRAP effect significance from zero test,Raw latency IRAP effect across all four IRAP trial-types evaluating calmness versus anxiety,IRAP effect significance from zero test,IRAP effect significance from zero test,TRUE,0.70,NA,NA,24,TRUE,NA,NA,NA,NA,NA,Positive omnibus raw latency IRAP effect across both undergraduate groups at baseline. Not reextracted as it removed as a problematic analysis.,
18,FALSE,TRUE,Kosnes et al. (2013),group,expect positive tt,depression group,DV,TRUE,0.37,0.37,FALSE,71,TRUE,TRUE,TRUE,TRUE,TRUE,TRUE,Not reextracted as it removed as a problematic analysis.,
155,FALSE,TRUE,Kosnes et al. (2013),group,expect negative tt,depression group,DV,FALSE,NA,0.35,FALSE,71,TRUE,TRUE,TRUE,TRUE,TRUE,TRUE, Not reextracted as it removed as a problematic analysis.,
19,TRUE,TRUE,Nicholson & Barnes-Holmes (2012a),IRAP effect significance from zero test,Compound DIRAP from the two IRAP trial-types with pictures of spiders,IRAP effect significance from zero test,IRAP effect significance from zero test,TRUE,0.66,NA,NA,30,TRUE,NA,NA,NA,NA,NA,Positive one-group effect for those scoring high on the FSQ.  Not reextracted as it removed as a problematic analysis.,
156,TRUE,TRUE,Nicholson & Barnes-Holmes (2012a),group,Compound DIRAP from the two IRAP trial-types with pictures of spiders,high vs low spider fear group,DV,FALSE,NA,0.44,FALSE,30,TRUE,TRUE,TRUE,TRUE,TRUE,TRUE,,
157,TRUE,TRUE,Nicholson & Barnes-Holmes (2012a),group,Compound DIRAP from the two IRAP trial-types with pictures of pleasant images,high vs low spider fear group,DV,FALSE,NA,0.13,FALSE,30,TRUE,TRUE,TRUE,TRUE,TRUE,TRUE,,
20,TRUE,TRUE,Nicholson & Barnes-Holmes (2012a),continuous,Compound DIRAP from the two IRAP trial-types with pictures of spiders,BAT,DV,TRUE,0.41,0.41,TRUE,30,TRUE,TRUE,TRUE,TRUE,TRUE,TRUE,,
158,TRUE,TRUE,Nicholson & Barnes-Holmes (2012a),continuous,Compound DIRAP from the two IRAP trial-types with pictures of pleasant images,BAT,DV,FALSE,NA,0.04,TRUE,30,TRUE,TRUE,TRUE,TRUE,TRUE,TRUE,,
21,TRUE,TRUE,Nicholson & Barnes-Holmes (2012a),continuous,Compound DIRAP from the two IRAP trial-types with pictures of spiders,FSQ,DV,TRUE,0.47,0.47,FALSE,30,TRUE,TRUE,TRUE,TRUE,TRUE,TRUE,,
159,TRUE,TRUE,Nicholson & Barnes-Holmes (2012a),continuous,Compound DIRAP from the two IRAP trial-types with pictures of pleasant images,FSQ,DV,FALSE,NA,0.04,FALSE,30,TRUE,TRUE,TRUE,TRUE,TRUE,TRUE,,
22,TRUE,TRUE,Nicholson & Barnes-Holmes (2012b),IRAP effect significance from zero test,Disgusting-pictures-bad trial-type DIRAP,IRAP effect significance from zero test,IRAP effect significance from zero test,TRUE,0.66,NA,NA,26,TRUE,NA,NA,NA,NA,NA,Positive one-group effect across general student population sampled. Not reextracted as it removed as a problematic analysis.,
23,TRUE,TRUE,Nicholson & Barnes-Holmes (2012b),IRAP effect significance from zero test,Disgusting-picture-distressing trial-type DIRAP,IRAP effect significance from zero test,IRAP effect significance from zero test,TRUE,0.45,NA,NA,26,TRUE,NA,NA,NA,NA,NA,Positive one-group effect across general student population sampled. Not reextracted as it removed as a problematic analysis.,
160,TRUE,TRUE,Nicholson & Barnes-Holmes (2012b),continuous,Compound DP-IRAP overall score,BAT,correlation,FALSE,NA,-0.09,TRUE,26,FALSE,TRUE,TRUE,TRUE,TRUE,TRUE,"this paper examined mean IRAP scores (IRAP as DV), used IRAP scores to predict scale scores in regressions (IRAP as IV), and also reported zero order correlations. We report the latter here, as they are agnostic to prediction direction and not confounded by the partialling out of other variables. ",
161,TRUE,TRUE,Nicholson & Barnes-Holmes (2012b),continuous,Compound DP-IRAP overall score,DS-R,correlation,FALSE,NA,0.05,FALSE,26,FALSE,TRUE,TRUE,TRUE,TRUE,TRUE,,
162,TRUE,TRUE,Nicholson & Barnes-Holmes (2012b),continuous,Compound DP-IRAP overall score,OCI-R,correlation,FALSE,NA,0.40,FALSE,26,FALSE,TRUE,TRUE,TRUE,TRUE,TRUE,,
163,TRUE,TRUE,Nicholson & Barnes-Holmes (2012b),continuous,Compound DP-IRAP overall score,depression,correlation,FALSE,NA,0.41,FALSE,26,FALSE,TRUE,TRUE,TRUE,FALSE,TRUE,,
164,TRUE,TRUE,Nicholson & Barnes-Holmes (2012b),continuous,Compound DP-IRAP overall score,anxiety,correlation,FALSE,NA,0.23,FALSE,26,FALSE,TRUE,TRUE,TRUE,TRUE,TRUE,,
165,TRUE,TRUE,Nicholson & Barnes-Holmes (2012b),continuous,Compound DP-IRAP overall score,stress,correlation,FALSE,NA,0.10,FALSE,26,FALSE,FALSE,FALSE,FALSE,NA,NA,,
166,TRUE,TRUE,Nicholson & Barnes-Holmes (2012b),continuous,Compound DP-IRAP overall score,dass total,correlation,FALSE,NA,NA,NA,26,TRUE,NA,NA,NA,NA,NA,"for this and all other studies, correlations with full scales are exluded when their subscales are reported. ",
167,TRUE,TRUE,Nicholson & Barnes-Holmes (2012b),continuous,Compound DP-IRAP overall score,obsessing,correlation,FALSE,NA,NA,FALSE,26,TRUE,NA,NA,NA,NA,NA,"r = 0.494 was not included in the results, as results only reported correlations between the IRAP and some of the subscales of the OCI-R. Elsewhere, where all subscales are reported, we exclude the correlation with the total score and include only the subscales. Here we must do the opposite.",
168,TRUE,TRUE,Nicholson & Barnes-Holmes (2012b),continuous,Compound DP-IRAP overall score,washing,correlation,FALSE,NA,NA,FALSE,26,TRUE,NA,NA,NA,NA,NA,"r = 0.234 was not included in the results, as results only reported correlations between the IRAP and some of the subscales of the OCI-R. Elsewhere, where all subscales are reported, we exclude the correlation with the total score and include only the subscales. Here we must do the opposite.",
24,TRUE,TRUE,Nicholson & Barnes-Holmes (2012b),continuous,Compound DS-IRAP overall score,BAT,correlation,TRUE,0.47,0.47,TRUE,26,FALSE,TRUE,TRUE,TRUE,TRUE,TRUE,,
169,TRUE,TRUE,Nicholson & Barnes-Holmes (2012b),continuous,Compound DS-IRAP overall score,DS-R,correlation,FALSE,NA,0.24,FALSE,26,FALSE,TRUE,TRUE,TRUE,TRUE,TRUE,,
170,TRUE,TRUE,Nicholson & Barnes-Holmes (2012b),continuous,Compound DS-IRAP overall score,OCI-R,correlation,FALSE,NA,0.41,FALSE,26,FALSE,TRUE,TRUE,TRUE,TRUE,TRUE,,
171,TRUE,TRUE,Nicholson & Barnes-Holmes (2012b),continuous,Compound DS-IRAP overall score,depression,correlation,FALSE,NA,0.45,FALSE,26,FALSE,TRUE,TRUE,TRUE,FALSE,TRUE,,
172,TRUE,TRUE,Nicholson & Barnes-Holmes (2012b),continuous,Compound DS-IRAP overall score,anxiety,correlation,FALSE,NA,0.27,FALSE,26,FALSE,TRUE,TRUE,TRUE,TRUE,TRUE,,
173,TRUE,TRUE,Nicholson & Barnes-Holmes (2012b),continuous,Compound DS-IRAP overall score,stress,correlation,FALSE,NA,0.25,FALSE,26,FALSE,FALSE,FALSE,FALSE,NA,NA,,
174,TRUE,TRUE,Nicholson & Barnes-Holmes (2012b),continuous,Compound DS-IRAP overall score,dass total,correlation,FALSE,NA,NA,NA,26, TRUE,NA,NA,NA,NA,NA,"for this and all other studies, correlations with full scales are exluded when their subscales are reported",
175,TRUE,TRUE,Nicholson & Barnes-Holmes (2012b),continuous,Compound DS-IRAP overall score,obsessing,correlation,FALSE,NA,NA,FALSE,26,TRUE,NA,NA,NA,NA,NA,"r = 0.32 was not included in the results, as results only reported correlations between the IRAP and some of the subscales of the OCI-R. Elsewhere, where all subscales are reported, we exclude the correlation with the total score and include only the subscales. Here we must do the opposite.",
176,TRUE,TRUE,Nicholson & Barnes-Holmes (2012b),continuous,Compound DS-IRAP overall score,washing,correlation,FALSE,NA,NA,FALSE,26,TRUE,NA,NA,NA,NA,NA,"r = 0.39 was not included in the results, as results only reported correlations between the IRAP and some of the subscales of the OCI-R. Elsewhere, where all subscales are reported, we exclude the correlation with the total score and include only the subscales. Here we must do the opposite.",
25,TRUE,TRUE,"Nicholson, Dempsey et al. (2014)",IRAP effect significance from zero test,Compound DIRAP from the two IRAP trial-types with pictures stereotypically related to contamination,IRAP effect significance from zero test,IRAP effect significance from zero test,TRUE,0.84,NA,NA,29,TRUE,NA,NA,NA,NA,NA,Positive one-group effect in the high OCD group. Not reextracted as it removed as a problematic analysis.,
26,TRUE,TRUE,"Nicholson, Dempsey et al. (2014)",IRAP effect significance from zero test,Compound DIRAP from the two IRAP trial-types with pictures stereotypically related to cleanness,IRAP effect significance from zero test,IRAP effect significance from zero test,TRUE,0.71,NA,NA,29,TRUE,NA,NA,NA,NA,NA,Positive one-group effect in the high OCD group. Not reextracted as it removed as a problematic analysis.,
27,TRUE,TRUE,"Nicholson, Dempsey et al. (2014)",continuous,dirty compound tts,BAT,correlation,TRUE,0.43,0.43,TRUE,29,FALSE,TRUE,TRUE,TRUE,TRUE,TRUE,"this paper used median splits to predict IRAP scores (IRAP as DV), IRAP scores to predict scale scores in regressions (IRAP as IV), and also reported zero order correlations. We report the latter here, as they are agnostic to prediction direction and not confounded by the partialling out of other variables. ",
177,TRUE,TRUE,"Nicholson, Dempsey et al. (2014)",continuous,dirty compound tts,padua,correlation,FALSE,NA,NA,NA,29,TRUE,NA,NA,NA,NA,NA,"for this and all other studies, correlations with full scales are exluded when their subscales are reported",
28,TRUE,TRUE,"Nicholson, Dempsey et al. (2014)",continuous,dirty compound tts,padua - contamination washing,correlation,TRUE,0.44,0.44,FALSE,29,FALSE,TRUE,TRUE,TRUE,TRUE,TRUE,,
178,TRUE,TRUE,"Nicholson, Dempsey et al. (2014)",continuous,dirty compound tts,padua - dressing grooming,correlation,FALSE,NA,0.28,FALSE,29,FALSE,TRUE,TRUE,TRUE,TRUE,TRUE,,
179,TRUE,TRUE,"Nicholson, Dempsey et al. (2014)",continuous,dirty compound tts,padua - checking,correlation,FALSE,NA,0.14,FALSE,29,FALSE,TRUE,TRUE,TRUE,TRUE,TRUE,,
180,TRUE,TRUE,"Nicholson, Dempsey et al. (2014)",continuous,dirty compound tts,padual - thoughts of harm to self/others,correlation,FALSE,NA,0.27,FALSE,29,FALSE,TRUE,TRUE,TRUE,TRUE,TRUE,,
181,TRUE,TRUE,"Nicholson, Dempsey et al. (2014)",continuous,dirty compound tts,padua - impulses to harm self/others,correlation,FALSE,NA,0.38,FALSE,29,FALSE,TRUE,TRUE,TRUE,TRUE,TRUE,,
182,TRUE,TRUE,"Nicholson, Dempsey et al. (2014)",continuous,dirty compound tts,obsessive beliefs questionnaire,correlation,FALSE,NA,NA,NA,29,TRUE,NA,NA,NA,NA,NA,"for this and all other studies, correlations with full scales are exluded when their subscales are reported",
29,TRUE,TRUE,"Nicholson, Dempsey et al. (2014)",continuous,dirty compound tts,obsessive beliefs questionnaire - responsibility/threat,correlation,TRUE,0.22,0.23,FALSE,29,FALSE,TRUE,TRUE,TRUE,TRUE,TRUE,,
183,TRUE,TRUE,"Nicholson, Dempsey et al. (2014)",continuous,dirty compound tts,obsessive beliefs questionnaire - perfectionism/uncertainty,correlation,FALSE,NA,0.21,FALSE,29,FALSE,TRUE,TRUE,TRUE,TRUE,TRUE,,
184,TRUE,TRUE,"Nicholson, Dempsey et al. (2014)",continuous,dirty compound tts,obsessive beliefs questionnaire - importance/control,correlation,FALSE,NA,0.12,FALSE,29,FALSE,TRUE,TRUE,TRUE,TRUE,TRUE,,
185,TRUE,TRUE,"Nicholson, Dempsey et al. (2014)",continuous,dirty compound tts,disgust sensitivity revised,correlation,FALSE,NA,0.42,FALSE,29,FALSE,TRUE,TRUE,TRUE,TRUE,TRUE,,
186,TRUE,TRUE,"Nicholson, Dempsey et al. (2014)",continuous,dirty compound tts,aaq,correlation,FALSE,NA,0.22,FALSE,29,FALSE,FALSE,FALSE,FALSE,NA,NA,,
187,TRUE,TRUE,"Nicholson, Dempsey et al. (2014)",continuous,dirty compound tts,anxiety,correlation,FALSE,NA,0.31,FALSE,29,FALSE,TRUE,TRUE,TRUE,TRUE,TRUE,,
188,TRUE,TRUE,"Nicholson, Dempsey et al. (2014)",continuous,clean compound tts,BAT,correlation,FALSE,NA,0.09,TRUE,29,FALSE,TRUE,TRUE,TRUE,TRUE,TRUE,,
189,TRUE,TRUE,"Nicholson, Dempsey et al. (2014)",continuous,clean compound tts,padua,correlation,FALSE,NA,NA,NA,29,TRUE,NA,NA,NA,NA,NA,"for this and all other studies, correlations with full scales are exluded when their subscales are reported",
190,TRUE,TRUE,"Nicholson, Dempsey et al. (2014)",continuous,clean compound tts,padua - contamination washing,correlation,FALSE,NA,0.28,FALSE,29,FALSE,TRUE,TRUE,TRUE,TRUE,TRUE,,
191,TRUE,TRUE,"Nicholson, Dempsey et al. (2014)",continuous,clean compound tts,padua - dressing grooming,correlation,FALSE,NA,0.08,FALSE,29,FALSE,TRUE,TRUE,TRUE,TRUE,TRUE,,
192,TRUE,TRUE,"Nicholson, Dempsey et al. (2014)",continuous,clean compound tts,padua - checking,correlation,FALSE,NA,0.20,FALSE,29,FALSE,TRUE,TRUE,TRUE,TRUE,TRUE,,
193,TRUE,TRUE,"Nicholson, Dempsey et al. (2014)",continuous,clean compound tts,padual - thoughts of harm to self/others,correlation,FALSE,NA,0.00,FALSE,29,FALSE,TRUE,TRUE,TRUE,TRUE,TRUE,,
194,TRUE,TRUE,"Nicholson, Dempsey et al. (2014)",continuous,clean compound tts,padua - impulses to harm self/others,correlation,FALSE,NA,-0.07,FALSE,29,FALSE,TRUE,TRUE,TRUE,TRUE,TRUE,,
195,TRUE,TRUE,"Nicholson, Dempsey et al. (2014)",continuous,clean compound tts,obsessive beliefs questionnaire,correlation,FALSE,NA,NA,NA,29,TRUE,NA,NA,NA,NA,NA,"for this and all other studies, correlations with full scales are exluded when their subscales are reported",
196,TRUE,TRUE,"Nicholson, Dempsey et al. (2014)",continuous,clean compound tts,obsessive beliefs questionnaire - responsibility/threat,correlation,FALSE,NA,0.06,FALSE,29,FALSE,TRUE,TRUE,TRUE,TRUE,TRUE,,
197,TRUE,TRUE,"Nicholson, Dempsey et al. (2014)",continuous,clean compound tts,obsessive beliefs questionnaire - perfectionism/uncertainty,correlation,FALSE,NA,-0.04,FALSE,29,FALSE,TRUE,TRUE,TRUE,TRUE,TRUE,,
198,TRUE,TRUE,"Nicholson, Dempsey et al. (2014)",continuous,clean compound tts,obsessive beliefs questionnaire - importance/control,correlation,FALSE,NA,-0.04,FALSE,29,FALSE,TRUE,TRUE,TRUE,TRUE,TRUE,,
199,TRUE,TRUE,"Nicholson, Dempsey et al. (2014)",continuous,clean compound tts,disgust sensitivity revised,correlation,FALSE,NA,0.21,FALSE,29,FALSE,TRUE,TRUE,TRUE,TRUE,TRUE,,
200,TRUE,TRUE,"Nicholson, Dempsey et al. (2014)",continuous,clean compound tts,aaq,correlation,FALSE,NA,0.06,FALSE,29,FALSE,FALSE,FALSE,FALSE,NA,NA,,
201,TRUE,TRUE,"Nicholson, Dempsey et al. (2014)",continuous,clean compound tts,anxiety,correlation,FALSE,NA,0.19,FALSE,29,FALSE,TRUE,TRUE,TRUE,TRUE,TRUE,,
30,TRUE,TRUE,"Nicholson, McCourt et al. (2013)",IRAP effect significance from zero test,Disgusting-pictures-negative trial-type DIRAP,IRAP effect significance from zero test,IRAP effect significance from zero test,TRUE,0.66,NA,NA,27,TRUE,NA,NA,NA,NA,NA,Positive one-group effect. Not reextracted as it removed as a problematic analysis.,
31,TRUE,TRUE,"Nicholson, McCourt et al. (2013)",IRAP effect significance from zero test,Disgusting-pictures-positive trial-type DIRAP,IRAP effect significance from zero test,IRAP effect significance from zero test,TRUE,0.72,NA,NA,27,TRUE,NA,NA,NA,NA,NA,"for this and all other studies, correlations with full scales are exluded when their subscales are reported",
32,TRUE,TRUE,"Nicholson, McCourt et al. (2013)",continuous,Disgust negative trial type,obsessive beliefs questionnaire,correlation,TRUE,0.48,0.48,FALSE,27,TRUE,NA,NA,NA,NA,NA,,
202,TRUE,TRUE,"Nicholson, McCourt et al. (2013)",continuous,Disgust negative trial type,obsessive beliefs questionnaire - responsibility/threat,correlation,FALSE,NA,0.56,FALSE,27,FALSE,TRUE,TRUE,TRUE,TRUE,TRUE,,
203,TRUE,TRUE,"Nicholson, McCourt et al. (2013)",continuous,Disgust negative trial type,obsessive beliefs questionnaire - perfectionism/uncertainty,correlation,FALSE,NA,0.43,FALSE,27,FALSE,TRUE,TRUE,TRUE,TRUE,TRUE,,
204,TRUE,TRUE,"Nicholson, McCourt et al. (2013)",continuous,Disgust negative trial type,obsessive beliefs questionnaire - importance/control,correlation,FALSE,NA,0.18,FALSE,27,FALSE,TRUE,TRUE,TRUE,TRUE,TRUE,,
205,TRUE,TRUE,"Nicholson, McCourt et al. (2013)",continuous,Disgust negative trial type,OCI-R,correlation,FALSE,NA,0.17,FALSE,27,FALSE,TRUE,TRUE,TRUE,TRUE,TRUE,,
33,TRUE,TRUE,"Nicholson, McCourt et al. (2013)",continuous,Disgust negative trial type,padua,correlation,TRUE,0.50,0.34,FALSE,27,TRUE,NA,NA,NA,NA,NA,"for this and all other studies, correlations with full scales are exluded when their subscales are reported",
206,TRUE,TRUE,"Nicholson, McCourt et al. (2013)",continuous,Disgust negative trial type,padua - contamination washing,correlation,FALSE,NA,0.03,FALSE,27,FALSE,TRUE,TRUE,TRUE,TRUE,TRUE,,
207,TRUE,TRUE,"Nicholson, McCourt et al. (2013)",continuous,Disgust negative trial type,padua - dressing grooming,correlation,FALSE,NA,-0.01,FALSE,27,FALSE,TRUE,TRUE,TRUE,TRUE,TRUE,,
208,TRUE,TRUE,"Nicholson, McCourt et al. (2013)",continuous,Disgust negative trial type,padua - checking,correlation,FALSE,NA,0.50,FALSE,27,FALSE,TRUE,TRUE,TRUE,TRUE,TRUE,,
209,TRUE,TRUE,"Nicholson, McCourt et al. (2013)",continuous,Disgust negative trial type,padua - thoughts of harm to self/others,correlation,FALSE,NA,0.40,FALSE,27,FALSE,TRUE,TRUE,TRUE,TRUE,TRUE,,
210,TRUE,TRUE,"Nicholson, McCourt et al. (2013)",continuous,Disgust negative trial type,padua - impulses to harm self/others,correlation,FALSE,NA,0.25,FALSE,27,FALSE,TRUE,TRUE,TRUE,TRUE,TRUE,,
211,TRUE,TRUE,"Nicholson, McCourt et al. (2013)",continuous,Disgust negative trial type,stai,correlation,FALSE,NA,0.16,FALSE,27,FALSE,TRUE,TRUE,TRUE,TRUE,TRUE,,
34,TRUE,TRUE,Parling et al. (2012),IRAP effect significance from zero test,Bad-me-fat trial-type DIRAP,IRAP effect significance from zero test,IRAP effect significance from zero test,TRUE,0.25,NA,NA,28,TRUE,NA,NA,NA,NA,NA,Positive one-group effect among those diagnosed with anorexia. Not reextracted as it removed as a problematic analysis.,
35,TRUE,TRUE,Parling et al. (2012),IRAP effect significance from zero test,Good-me-thin trial-type DIRAP,IRAP effect significance from zero test,IRAP effect significance from zero test,TRUE,0.61,NA,NA,28,TRUE,NA,NA,NA,NA,NA,Positive one-group effect among those diagnosed with anorexia. Not reextracted as it removed as a problematic analysis.,
36,TRUE,TRUE,Parling et al. (2012),IRAP effect significance from zero test,I-dont-want-to-be-fat trial-type DIRAP,IRAP effect significance from zero test,IRAP effect significance from zero test,TRUE,0.62,NA,NA,30,TRUE,NA,NA,NA,NA,NA,Positive one-group effect among those diagnosed with anorexia. Not reextracted as it removed as a problematic analysis.,
37,TRUE,TRUE,Parling et al. (2012),IRAP effect significance from zero test,I-want-to-be-thin trial-type DIRAP,IRAP effect significance from zero test,IRAP effect significance from zero test,TRUE,0.58,NA,NA,30,TRUE,NA,NA,NA,NA,NA,Positive one-group effect among those diagnosed with anorexia. Not reextracted as it removed as a problematic analysis.,
38,TRUE,TRUE,Parling et al. (2012),IRAP effect significance from zero test,Its-ok-for-me-to-be-thin trial-type DIRAP,IRAP effect significance from zero test,IRAP effect significance from zero test,TRUE,0.42,NA,NA,27,TRUE,NA,NA,NA,NA,NA,Positive one-group effect among those diagnosed with anorexia. Not reextracted as it removed as a problematic analysis.,
39,TRUE,TRUE,Parling et al. (2012),continuous,Bad-me-fat trial-type DIRAP,Body Shape Questionnaire,correlation,TRUE,0.14,NA,NA,30,FALSE,TRUE,TRUE,TRUE,TRUE,TRUE,"These and many other correlations were run but reported only as ""no other correlations were signfiicant"". Complete reporting of this paper requires data from authors; I've emailed them. ",
40,TRUE,TRUE,Parling et al. (2012),continuous,Good-me-thin trial-type DIRAP,Body Shape Questionnaire,correlation,TRUE,0.35,NA,NA,30,FALSE,TRUE,TRUE,TRUE,TRUE,TRUE,"These and many other correlations were run but reported only as ""no other correlations were signfiicant"". Complete reporting of this paper requires data from authors; I've emailed them. ",
41,TRUE,TRUE,Parling et al. (2012),group ,"""Bad me fat"" self-IRAP trial type",clinical anorexia group,DV,TRUE,0.43,0.43,FALSE,28,TRUE,TRUE,TRUE,TRUE,TRUE,TRUE,Not reextracted as it removed as a problematic analysis.,
212,TRUE,TRUE,Parling et al. (2012),group,"""Good me fat"" self-IRAP trial type",clinical anorexia group,DV,FALSE,NA,0.47,FALSE,28,TRUE,TRUE,TRUE,TRUE,TRUE,TRUE,,
42,TRUE,TRUE,Parling et al. (2012),group,"""Good me thin"" self-IRAP trial type",clinical anorexia group,DV,TRUE,0.25,0.24,FALSE,28,TRUE,TRUE,TRUE,TRUE,TRUE,TRUE,Not reextracted as it removed as a problematic analysis.,
213,TRUE,TRUE,Parling et al. (2012),group,"""Bad me thin"" self-IRAP trial type",clinical anorexia group,DV,FALSE,NA,0.11,FALSE,28,TRUE,TRUE,TRUE,TRUE,TRUE,TRUE,,
214,TRUE,TRUE,Parling et al. (2012),group,"""Bad others fat"" others-IRAP trial type",clinical anorexia group,DV,FALSE,NA,0.05,FALSE,25,TRUE,TRUE,TRUE,TRUE,TRUE,FALSE,,
215,TRUE,TRUE,Parling et al. (2012),group,"""Good others fat"" others-IRAP trial type",clinical anorexia group,DV,FALSE,NA,0.30,FALSE,25,TRUE,TRUE,TRUE,TRUE,TRUE,FALSE,,
216,TRUE,TRUE,Parling et al. (2012),group,"""Good others thin"" others-IRAP trial type",clinical anorexia group,DV,FALSE,NA,0.05,FALSE,25,TRUE,TRUE,TRUE,TRUE,TRUE,FALSE,,
217,TRUE,TRUE,Parling et al. (2012),group,"""Bad others thin"" others-IRAP trial type",clinical anorexia group,DV,FALSE,NA,0.31,FALSE,25,TRUE,TRUE,TRUE,TRUE,TRUE,FALSE,,
218,TRUE,TRUE,Parling et al. (2012),group,"""I dont want to be fat"" Thin-IRAP trial type",clinical anorexia group,DV,FALSE,NA,0.37,FALSE,30,TRUE,TRUE,TRUE,TRUE,TRUE,TRUE,,
219,TRUE,TRUE,Parling et al. (2012),group,"""I want to be fat"" Thin-IRAP trial type",clinical anorexia group,DV,FALSE,NA,0.06,FALSE,30,TRUE,TRUE,TRUE,TRUE,TRUE,TRUE,,
220,TRUE,TRUE,Parling et al. (2012),group,"""I want to be thin"" Thin-IRAP trial type",clinical anorexia group,DV,FALSE,NA,0.27,FALSE,30,TRUE,TRUE,TRUE,TRUE,TRUE,TRUE,,
221,TRUE,TRUE,Parling et al. (2012),group,"""I dont want to be thin"" Thin-IRAP trial type",clinical anorexia group,DV,FALSE,NA,0.02,FALSE,30,TRUE,TRUE,TRUE,TRUE,TRUE,TRUE,,
222,TRUE,TRUE,Parling et al. (2012),group,"""I must not be fat"" Fat-IRAP trial type",clinical anorexia group,DV,FALSE,NA,0.12,FALSE,27,TRUE,TRUE,TRUE,TRUE,TRUE,TRUE,,
223,TRUE,TRUE,Parling et al. (2012),group,"""I can be fat"" Fat-IRAP trial type",clinical anorexia group,DV,FALSE,NA,0.20,FALSE,27,TRUE,TRUE,TRUE,TRUE,TRUE,TRUE,,
224,TRUE,TRUE,Parling et al. (2012),group,"""I can be thin"" fat-IRAP trial type",clinical anorexia group,DV,FALSE,NA,0.08,FALSE,27,TRUE,TRUE,TRUE,TRUE,TRUE,TRUE,,
225,TRUE,TRUE,Parling et al. (2012),group,"""I must not be thin"" Fat-IRAP trial type",clinical anorexia group,DV,FALSE,NA,0.34,FALSE,27,TRUE,TRUE,TRUE,TRUE,TRUE,TRUE,,
43,TRUE,TRUE,"Remue, et al. (2013)",group,Compound DIRAP from the four IRAP trial-types evaluating idealized self,IRAP effect significance from zero test,IRAP effect significance from zero test,TRUE,0.50,0.37,FALSE,29,TRUE,NA,NA,NA,NA,NA,Positive one-group effect across those scoring higher on Beck Depression Inventory (BDI). Not reextracted as it removed as a problematic analysis.,
44,TRUE,TRUE,"Remue, et al. (2013)",group,Compound DIRAP from the four IRAP trial-types evaluating actual self,IRAP effect significance from zero test,IRAP effect significance from zero test,TRUE,0.37,0.50,FALSE,27,TRUE,NA,NA,NA,NA,NA,Positive one-group effect across those scoring lower on BDI. Not reextracted as it removed as a problematic analysis.,
45,TRUE,TRUE,"Remue, et al. (2013)",group,Compound DIRAPs from the IRAP trial-types evaluating idealized- versus actual-self,IRAP effect significance from zero test,IRAP effect significance from zero test,TRUE,0.58,0.39,FALSE,29,TRUE,NA,NA,NA,NA,NA,Negative within-group effect among those scoring higher on BDI. Not reextracted as it removed as a problematic analysis.,
46,TRUE,TRUE,"Remue, et al. (2013)",group,Compound DIRAPs from the IRAP trial-types evaluating idealized- versus actual-self,IRAP effect significance from zero test,IRAP effect significance from zero test,TRUE,0.38,0.23,FALSE,27,TRUE,NA,NA,NA,NA,NA,Positive within-group effect among those scoring higher on BDI. Not reextracted as it removed as a problematic analysis.,
47,FALSE,FALSE,Timko et al. (2010; Study 1),group,Compound DIRAP for all four IRAP trial-types about personal body image,Between groups comparison - not dieting versus those dieting,DV,TRUE,0.45,0.42,FALSE,50,TRUE,TRUE,TRUE,TRUE,TRUE,TRUE,"Between groups comparison - not dieting versus those dieting. NB there are two dieting groups, one to lose weight and one to maintain. Vahey does not note which they are comparing, or why one comparison was excluded.",
48,FALSE,FALSE,Timko et al. (2010; Study 1),continuous,overall D-IRAP score,SATAQ total,correlation,TRUE,0.29,NA,NA,50,TRUE,NA,NA,NA,NA,NA,"for this and all other studies, correlations with full scales are exluded when their subscales are reported",
49,FALSE,FALSE,Timko et al. (2010; Study 1),continuous,overall D-IRAP score,DASS-total,correlation,TRUE,0.48,NA,NA,50,TRUE,NA,NA,NA,NA,NA,"NB correlation with DASS total is not actually reported in the manuscript - perhaps Vahey asked the authors for their data? But this goes beyond stating that some hypotheses were potentially a priori predictable to imposing new ones the authors didn't ask. for this and all other studies, correlations with full scales are exluded when their subscales are reported",
226,FALSE,FALSE,Timko et al. (2010; Study 1),continuous,I am positive,BMI,correlation,FALSE,NA,-0.09,TRUE,50,FALSE,FALSE,TRUE,TRUE,TRUE,TRUE,,
227,FALSE,FALSE,Timko et al. (2010; Study 1),continuous,I am positive,BI-AAQ,correlation,FALSE,NA,0.15,FALSE,50,FALSE,FALSE,FALSE,FALSE,NA,NA,,
228,FALSE,FALSE,Timko et al. (2010; Study 1),continuous,I am positive,SATAQ-Info,correlation,FALSE,NA,0.15,TRUE,50,FALSE,TRUE,TRUE,TRUE,TRUE,TRUE,,
229,FALSE,FALSE,Timko et al. (2010; Study 1),continuous,I am positive,SATAQ-Pressure,correlation,FALSE,NA,0.16,TRUE,50,FALSE,TRUE,TRUE,TRUE,TRUE,TRUE,,
230,FALSE,FALSE,Timko et al. (2010; Study 1),continuous,I am positive,SATAQ-General internalization,correlation,FALSE,NA,0.24,TRUE,50,FALSE,TRUE,TRUE,TRUE,TRUE,TRUE,,
231,FALSE,FALSE,Timko et al. (2010; Study 1),continuous,I am positive,SATAQ-Athletic ideal internalization,correlation,FALSE,NA,0.29,TRUE,50,FALSE,TRUE,TRUE,TRUE,TRUE,TRUE,,
232,FALSE,FALSE,Timko et al. (2010; Study 1),continuous,I am positive,DASS-Stress,correlation,FALSE,NA,0.19,TRUE,50,FALSE,FALSE,FALSE,FALSE,NA,NA,,
233,FALSE,FALSE,Timko et al. (2010; Study 1),continuous,I am positive,DASS-Anxiety,correlation,FALSE,NA,0.20,TRUE,50,FALSE,TRUE,TRUE,TRUE,TRUE,TRUE,,
234,FALSE,FALSE,Timko et al. (2010; Study 1),continuous,I am positive,DASS-Depression,correlation,FALSE,NA,0.29,TRUE,50,FALSE,TRUE,TRUE,TRUE,TRUE,TRUE,,
235,FALSE,FALSE,Timko et al. (2010; Study 1),continuous,I am positive,BSQ,correlation,FALSE,NA,0.32,TRUE,50,FALSE,TRUE,TRUE,TRUE,TRUE,TRUE,,
236,FALSE,FALSE,Timko et al. (2010; Study 1),continuous,I am negative,BMI,correlation,FALSE,NA,-0.03,TRUE,50,FALSE,FALSE,TRUE,TRUE,TRUE,TRUE,,
237,FALSE,FALSE,Timko et al. (2010; Study 1),continuous,I am negative,BI-AAQ,correlation,FALSE,NA,0.16,FALSE,50,FALSE,FALSE,FALSE,FALSE,NA,NA,,
238,FALSE,FALSE,Timko et al. (2010; Study 1),continuous,I am negative,SATAQ-Info,correlation,FALSE,NA,0.11,TRUE,50,FALSE,TRUE,TRUE,TRUE,TRUE,TRUE,,
239,FALSE,FALSE,Timko et al. (2010; Study 1),continuous,I am negative,SATAQ-Pressure,correlation,FALSE,NA,0.15,TRUE,50,FALSE,TRUE,TRUE,TRUE,TRUE,TRUE,,
240,FALSE,FALSE,Timko et al. (2010; Study 1),continuous,I am negative,SATAQ-General internalization,correlation,FALSE,NA,0.16,TRUE,50,FALSE,TRUE,TRUE,TRUE,TRUE,TRUE,,
241,FALSE,FALSE,Timko et al. (2010; Study 1),continuous,I am negative,SATAQ-Athletic ideal internalization,correlation,FALSE,NA,-0.01,TRUE,50,FALSE,TRUE,TRUE,TRUE,TRUE,TRUE,,
242,FALSE,FALSE,Timko et al. (2010; Study 1),continuous,I am negative,DASS-Stress,correlation,FALSE,NA,-0.15,TRUE,50,FALSE,FALSE,FALSE,FALSE,NA,NA,,
243,FALSE,FALSE,Timko et al. (2010; Study 1),continuous,I am negative,DASS-Anxiety,correlation,FALSE,NA,-0.17,TRUE,50,FALSE,TRUE,TRUE,TRUE,TRUE,TRUE,,
244,FALSE,FALSE,Timko et al. (2010; Study 1),continuous,I am negative,DASS-Depression,correlation,FALSE,NA,-0.01,TRUE,50,FALSE,TRUE,TRUE,TRUE,TRUE,TRUE,,
245,FALSE,FALSE,Timko et al. (2010; Study 1),continuous,I am negative,BSQ,correlation,FALSE,NA,0.15,TRUE,50,FALSE,TRUE,TRUE,TRUE,TRUE,TRUE,,
246,FALSE,FALSE,Timko et al. (2010; Study 1),continuous,I am not positive,BMI,correlation,FALSE,NA,0.20,TRUE,50,FALSE,FALSE,TRUE,TRUE,TRUE,TRUE,,
247,FALSE,FALSE,Timko et al. (2010; Study 1),continuous,I am not positive,BI-AAQ,correlation,FALSE,NA,0.26,FALSE,50,FALSE,FALSE,FALSE,FALSE,NA,NA,,
248,FALSE,FALSE,Timko et al. (2010; Study 1),continuous,I am not positive,SATAQ-Info,correlation,FALSE,NA,0.02,TRUE,50,FALSE,TRUE,TRUE,TRUE,TRUE,TRUE,,
249,FALSE,FALSE,Timko et al. (2010; Study 1),continuous,I am not positive,SATAQ-Pressure,correlation,FALSE,NA,0.23,TRUE,50,FALSE,TRUE,TRUE,TRUE,TRUE,TRUE,,
250,FALSE,FALSE,Timko et al. (2010; Study 1),continuous,I am not positive,SATAQ-General internalization,correlation,FALSE,NA,0.10,TRUE,50,FALSE,TRUE,TRUE,TRUE,TRUE,TRUE,,
251,FALSE,FALSE,Timko et al. (2010; Study 1),continuous,I am not positive,SATAQ-Athletic ideal internalization,correlation,FALSE,NA,0.05,TRUE,50,FALSE,TRUE,TRUE,TRUE,TRUE,TRUE,,
252,FALSE,FALSE,Timko et al. (2010; Study 1),continuous,I am not positive,DASS-Stress,correlation,FALSE,NA,0.11,TRUE,50,FALSE,FALSE,FALSE,FALSE,NA,NA,,
253,FALSE,FALSE,Timko et al. (2010; Study 1),continuous,I am not positive,DASS-Anxiety,correlation,FALSE,NA,-0.21,TRUE,50,FALSE,TRUE,TRUE,TRUE,TRUE,TRUE,,
254,FALSE,FALSE,Timko et al. (2010; Study 1),continuous,I am not positive,DASS-Depression,correlation,FALSE,NA,0.16,TRUE,50,FALSE,TRUE,TRUE,TRUE,TRUE,TRUE,,
255,FALSE,FALSE,Timko et al. (2010; Study 1),continuous,I am not positive,BSQ,correlation,FALSE,NA,0.43,TRUE,50,FALSE,TRUE,TRUE,TRUE,TRUE,TRUE,,
256,FALSE,FALSE,Timko et al. (2010; Study 1),continuous,I am not negative,BMI,correlation,FALSE,NA,0.08,TRUE,50,FALSE,FALSE,TRUE,TRUE,TRUE,TRUE,,
257,FALSE,FALSE,Timko et al. (2010; Study 1),continuous,I am not negative,BI-AAQ,correlation,FALSE,NA,0.19,FALSE,50,FALSE,FALSE,FALSE,FALSE,NA,NA,,
258,FALSE,FALSE,Timko et al. (2010; Study 1),continuous,I am not negative,SATAQ-Info,correlation,FALSE,NA,-0.10,TRUE,50,FALSE,TRUE,TRUE,TRUE,TRUE,TRUE,,
259,FALSE,FALSE,Timko et al. (2010; Study 1),continuous,I am not negative,SATAQ-Pressure,correlation,FALSE,NA,0.14,TRUE,50,FALSE,TRUE,TRUE,TRUE,TRUE,TRUE,,
260,FALSE,FALSE,Timko et al. (2010; Study 1),continuous,I am not negative,SATAQ-General internalization,correlation,FALSE,NA,0.10,TRUE,50,FALSE,TRUE,TRUE,TRUE,TRUE,TRUE,,
261,FALSE,FALSE,Timko et al. (2010; Study 1),continuous,I am not negative,SATAQ-Athletic ideal internalization,correlation,FALSE,NA,-0.02,TRUE,50,FALSE,TRUE,TRUE,TRUE,TRUE,TRUE,,
262,FALSE,FALSE,Timko et al. (2010; Study 1),continuous,I am not negative,DASS-Stress,correlation,FALSE,NA,0.04,TRUE,50,FALSE,FALSE,FALSE,FALSE,NA,NA,,
263,FALSE,FALSE,Timko et al. (2010; Study 1),continuous,I am not negative,DASS-Anxiety,correlation,FALSE,NA,0.17,TRUE,50,FALSE,TRUE,TRUE,TRUE,TRUE,TRUE,,
264,FALSE,FALSE,Timko et al. (2010; Study 1),continuous,I am not negative,DASS-Depression,correlation,FALSE,NA,0.24,TRUE,50,FALSE,TRUE,TRUE,TRUE,TRUE,TRUE,,
265,FALSE,FALSE,Timko et al. (2010; Study 1),continuous,I am not negative,BSQ,correlation,FALSE,NA,0.24,TRUE,50,FALSE,TRUE,TRUE,TRUE,TRUE,TRUE,,
266,FALSE,FALSE,Timko et al. (2010; Study 1),continuous,overall d,BMI,correlation,FALSE,NA,0.14,TRUE,50,TRUE,FALSE,TRUE,TRUE,TRUE,TRUE,problematic because it uses the overall d when the individual trial types scores are available,
267,FALSE,FALSE,Timko et al. (2010; Study 1),continuous,overall d,BI-AAQ,correlation,FALSE,NA,0.32,FALSE,50,TRUE,FALSE,FALSE,FALSE,NA,NA,problematic because it uses the overall d when the individual trial types scores are available,
268,FALSE,FALSE,Timko et al. (2010; Study 1),continuous,overall d,SATAQ-Info,correlation,FALSE,NA,0.09,TRUE,50,TRUE,TRUE,TRUE,TRUE,TRUE,TRUE,problematic because it uses the overall d when the individual trial types scores are available,
269,FALSE,FALSE,Timko et al. (2010; Study 1),continuous,overall d,SATAQ-Pressure,correlation,FALSE,NA,0.30,TRUE,50,TRUE,TRUE,TRUE,TRUE,TRUE,TRUE,problematic because it uses the overall d when the individual trial types scores are available,
270,FALSE,FALSE,Timko et al. (2010; Study 1),continuous,overall d,SATAQ-General internalization,correlation,FALSE,NA,0.25,TRUE,50,TRUE,TRUE,TRUE,TRUE,TRUE,TRUE,problematic because it uses the overall d when the individual trial types scores are available,
271,FALSE,FALSE,Timko et al. (2010; Study 1),continuous,overall d,SATAQ-Athletic ideal internalization,correlation,FALSE,NA,0.12,TRUE,50,TRUE,TRUE,TRUE,TRUE,TRUE,TRUE,problematic because it uses the overall d when the individual trial types scores are available,
272,FALSE,FALSE,Timko et al. (2010; Study 1),continuous,overall d,DASS-Stress,correlation,FALSE,NA,0.10,TRUE,50,TRUE,FALSE,FALSE,FALSE,NA,NA,problematic because it uses the overall d when the individual trial types scores are available,
273,FALSE,FALSE,Timko et al. (2010; Study 1),continuous,overall d,DASS-Anxiety,correlation,FALSE,NA,0.17,TRUE,50,TRUE,TRUE,TRUE,TRUE,TRUE,TRUE,problematic because it uses the overall d when the individual trial types scores are available,
274,FALSE,FALSE,Timko et al. (2010; Study 1),continuous,overall d,DASS-Depression,correlation,FALSE,NA,0.29,TRUE,50,TRUE,TRUE,TRUE,TRUE,TRUE,TRUE,problematic because it uses the overall d when the individual trial types scores are available,
275,FALSE,FALSE,Timko et al. (2010; Study 1),continuous,overall d,BSQ,correlation,FALSE,NA,0.48,TRUE,50,TRUE,TRUE,TRUE,TRUE,TRUE,TRUE,problematic because it uses the overall d when the individual trial types scores are available,
276,FALSE,FALSE,Timko et al. (2010; Study 2),continuous,overall d,QLI total score,correlation,FALSE,NA,0.13,FALSE,93,TRUE,FALSE,FALSE,FALSE,NA,NA,problematic because it uses the overall d when the individual trial types scores are available,
277,FALSE,FALSE,Timko et al. (2010; Study 2),continuous,overall d,QLI-Health and functioning,correlation,FALSE,NA,0.14,FALSE,93,TRUE,FALSE,FALSE,FALSE,NA,NA,problematic because it uses the overall d when the individual trial types scores are available,
278,FALSE,FALSE,Timko et al. (2010; Study 2),continuous,overall d,QLI-Social and economic,correlation,FALSE,NA,0.03,FALSE,93,TRUE,FALSE,FALSE,FALSE,NA,NA,problematic because it uses the overall d when the individual trial types scores are available,
279,FALSE,FALSE,Timko et al. (2010; Study 2),continuous,overall d,QLI-Psychological/Spiritual,correlation,FALSE,NA,0.13,FALSE,93,TRUE,FALSE,FALSE,FALSE,NA,NA,problematic because it uses the overall d when the individual trial types scores are available,
280,FALSE,FALSE,Timko et al. (2010; Study 2),continuous,overall d,QLI-Family,correlation,FALSE,NA,0.07,FALSE,93,TRUE,FALSE,FALSE,FALSE,NA,NA,problematic because it uses the overall d when the individual trial types scores are available,
281,FALSE,FALSE,Timko et al. (2010; Study 2),continuous,overall d,BSI-Anxiety,correlation,FALSE,NA,0.06,TRUE,93,TRUE,TRUE,TRUE,TRUE,TRUE,TRUE,problematic because it uses the overall d when the individual trial types scores are available,
282,FALSE,FALSE,Timko et al. (2010; Study 2),continuous,overall d,BSI-Depression,correlation,FALSE,NA,0.03,TRUE,93,TRUE,TRUE,TRUE,TRUE,TRUE,TRUE,problematic because it uses the overall d when the individual trial types scores are available,
283,FALSE,FALSE,Timko et al. (2010; Study 2),continuous,overall d,BSI-Interpersonal sensitivity,correlation,FALSE,NA,0.14,TRUE,93,TRUE,FALSE,FALSE,FALSE,NA,NA,problematic because it uses the overall d when the individual trial types scores are available,
284,FALSE,FALSE,Timko et al. (2010; Study 2),continuous,overall d,BSI-Global Symptom Severity,correlation,FALSE,NA,0.07,TRUE,93,TRUE,TRUE,TRUE,TRUE,TRUE,TRUE,problematic because it uses the overall d when the individual trial types scores are available,
285,FALSE,FALSE,Timko et al. (2010; Study 2),continuous,I am positive,QLI total score,correlation,FALSE,NA,0.26,FALSE,93,TRUE,FALSE,FALSE,FALSE,NA,NA,"for this and all other studies, correlations with full scales are exluded when their subscales are reported",
286,FALSE,FALSE,Timko et al. (2010; Study 2),continuous,I am positive,QLI-Health and functioning,correlation,FALSE,NA,0.28,FALSE,93,FALSE,FALSE,FALSE,FALSE,NA,NA,,
287,FALSE,FALSE,Timko et al. (2010; Study 2),continuous,I am positive,QLI-Social and economic,correlation,FALSE,NA,0.12,FALSE,93,FALSE,FALSE,FALSE,FALSE,NA,NA,,
288,FALSE,FALSE,Timko et al. (2010; Study 2),continuous,I am positive,QLI-Psychological/Spiritual,correlation,FALSE,NA,0.29,FALSE,93,FALSE,FALSE,FALSE,FALSE,NA,NA,,
289,FALSE,FALSE,Timko et al. (2010; Study 2),continuous,I am positive,QLI-Family,correlation,FALSE,NA,0.12,FALSE,93,FALSE,FALSE,FALSE,FALSE,NA,NA,,
290,FALSE,FALSE,Timko et al. (2010; Study 2),continuous,I am positive,BSI-Anxiety,correlation,FALSE,NA,0.12,TRUE,93,FALSE,TRUE,TRUE,TRUE,TRUE,TRUE,,
291,FALSE,FALSE,Timko et al. (2010; Study 2),continuous,I am positive,BSI-Depression,correlation,FALSE,NA,0.22,TRUE,93,FALSE,TRUE,TRUE,TRUE,TRUE,TRUE,,
292,FALSE,FALSE,Timko et al. (2010; Study 2),continuous,I am positive,BSI-Interpersonal sensitivity,correlation,FALSE,NA,0.25,TRUE,93,FALSE,FALSE,FALSE,FALSE,NA,NA,,
293,FALSE,FALSE,Timko et al. (2010; Study 2),continuous,I am positive,BSI-Global Symptom Severity,correlation,FALSE,NA,0.21,TRUE,93,FALSE,TRUE,TRUE,TRUE,TRUE,TRUE,,
294,FALSE,FALSE,Timko et al. (2010; Study 2),continuous,I am negative,QLI total score,correlation,FALSE,NA,-0.01,FALSE,93,TRUE,FALSE,FALSE,FALSE,NA,NA,"for this and all other studies, correlations with full scales are exluded when their subscales are reported",
295,FALSE,FALSE,Timko et al. (2010; Study 2),continuous,I am negative,QLI-Health and functioning,correlation,FALSE,NA,0.03,FALSE,93,FALSE,FALSE,FALSE,FALSE,NA,NA,,
296,FALSE,FALSE,Timko et al. (2010; Study 2),continuous,I am negative,QLI-Social and economic,correlation,FALSE,NA,-0.06,FALSE,93,FALSE,FALSE,FALSE,FALSE,NA,NA,,
297,FALSE,FALSE,Timko et al. (2010; Study 2),continuous,I am negative,QLI-Psychological/Spiritual,correlation,FALSE,NA,0.01,FALSE,93,FALSE,FALSE,FALSE,FALSE,NA,NA,,
298,FALSE,FALSE,Timko et al. (2010; Study 2),continuous,I am negative,QLI-Family,correlation,FALSE,NA,-0.09,FALSE,93,FALSE,FALSE,FALSE,FALSE,NA,NA,,
299,FALSE,FALSE,Timko et al. (2010; Study 2),continuous,I am negative,BSI-Anxiety,correlation,FALSE,NA,-0.04,TRUE,93,FALSE,TRUE,TRUE,TRUE,TRUE,TRUE,,
300,FALSE,FALSE,Timko et al. (2010; Study 2),continuous,I am negative,BSI-Depression,correlation,FALSE,NA,0.08,TRUE,93,FALSE,TRUE,TRUE,TRUE,TRUE,TRUE,,
301,FALSE,FALSE,Timko et al. (2010; Study 2),continuous,I am negative,BSI-Interpersonal sensitivity,correlation,FALSE,NA,0.17,TRUE,93,FALSE,FALSE,FALSE,FALSE,NA,NA,,
302,FALSE,FALSE,Timko et al. (2010; Study 2),continuous,I am negative,BSI-Global Symptom Severity,correlation,FALSE,NA,0.06,TRUE,93,FALSE,TRUE,TRUE,TRUE,TRUE,TRUE,,
303,FALSE,FALSE,Timko et al. (2010; Study 2),continuous,I am not positive,QLI total score,correlation,FALSE,NA,0.06,FALSE,93,TRUE,FALSE,FALSE,FALSE,NA,NA,"for this and all other studies, correlations with full scales are exluded when their subscales are reported",
304,FALSE,FALSE,Timko et al. (2010; Study 2),continuous,I am not positive,QLI-Health and functioning,correlation,FALSE,NA,0.05,FALSE,93,FALSE,FALSE,FALSE,FALSE,NA,NA,,
305,FALSE,FALSE,Timko et al. (2010; Study 2),continuous,I am not positive,QLI-Social and economic,correlation,FALSE,NA,0.05,FALSE,93,FALSE,FALSE,FALSE,FALSE,NA,NA,,
306,FALSE,FALSE,Timko et al. (2010; Study 2),continuous,I am not positive,QLI-Psychological/Spiritual,correlation,FALSE,NA,0.04,FALSE,93,FALSE,FALSE,FALSE,FALSE,NA,NA,,
307,FALSE,FALSE,Timko et al. (2010; Study 2),continuous,I am not positive,QLI-Family,correlation,FALSE,NA,0.07,FALSE,93,FALSE,FALSE,FALSE,FALSE,NA,NA,,
308,FALSE,FALSE,Timko et al. (2010; Study 2),continuous,I am not positive,BSI-Anxiety,correlation,FALSE,NA,-0.02,TRUE,93,FALSE,TRUE,TRUE,TRUE,TRUE,TRUE,,
309,FALSE,FALSE,Timko et al. (2010; Study 2),continuous,I am not positive,BSI-Depression,correlation,FALSE,NA,-0.14,TRUE,93,FALSE,TRUE,TRUE,TRUE,TRUE,TRUE,,
310,FALSE,FALSE,Timko et al. (2010; Study 2),continuous,I am not positive,BSI-Interpersonal sensitivity,correlation,FALSE,NA,-0.09,TRUE,93,FALSE,FALSE,FALSE,FALSE,NA,NA,,
311,FALSE,FALSE,Timko et al. (2010; Study 2),continuous,I am not positive,BSI-Global Symptom Severity,correlation,FALSE,NA,-0.04,TRUE,93,FALSE,TRUE,TRUE,TRUE,TRUE,TRUE,,
312,FALSE,FALSE,Timko et al. (2010; Study 2),continuous,I am not negative,QLI total score,correlation,FALSE,NA,-0.01,FALSE,93,TRUE,FALSE,FALSE,FALSE,NA,NA,"for this and all other studies, correlations with full scales are exluded when their subscales are reported",
313,FALSE,FALSE,Timko et al. (2010; Study 2),continuous,I am not negative,QLI-Health and functioning,correlation,FALSE,NA,-0.01,FALSE,93,FALSE,FALSE,FALSE,FALSE,NA,NA,,
314,FALSE,FALSE,Timko et al. (2010; Study 2),continuous,I am not negative,QLI-Social and economic,correlation,FALSE,NA,-0.04,FALSE,93,FALSE,FALSE,FALSE,FALSE,NA,NA,,
315,FALSE,FALSE,Timko et al. (2010; Study 2),continuous,I am not negative,QLI-Psychological/Spiritual,correlation,FALSE,NA,-0.02,FALSE,93,FALSE,FALSE,FALSE,FALSE,NA,NA,,
316,FALSE,FALSE,Timko et al. (2010; Study 2),continuous,I am not negative,QLI-Family,correlation,FALSE,NA,0.07,FALSE,93,FALSE,FALSE,FALSE,FALSE,NA,NA,,
317,FALSE,FALSE,Timko et al. (2010; Study 2),continuous,I am not negative,BSI-Anxiety,correlation,FALSE,NA,0.08,TRUE,93,FALSE,TRUE,TRUE,TRUE,TRUE,TRUE,,
318,FALSE,FALSE,Timko et al. (2010; Study 2),continuous,I am not negative,BSI-Depression,correlation,FALSE,NA,-0.08,TRUE,93,FALSE,TRUE,TRUE,TRUE,TRUE,TRUE,,
319,FALSE,FALSE,Timko et al. (2010; Study 2),continuous,I am not negative,BSI-Interpersonal sensitivity,correlation,FALSE,NA,0.04,TRUE,93,FALSE,FALSE,FALSE,FALSE,NA,NA,,
320,FALSE,FALSE,Timko et al. (2010; Study 2),continuous,I am not negative,BSI-Global Symptom Severity,correlation,FALSE,NA,-0.05,TRUE,93,FALSE,TRUE,TRUE,TRUE,TRUE,TRUE,,
50,TRUE,TRUE,Vahey et al. (2009),IRAP effect significance from zero test,Compound DIRAP from the IRAP trial-types involving positive self-descriptors,IRAP effect significance from zero test,IRAP effect significance from zero test,TRUE,0.82,NA,NA,24,TRUE,NA,NA,NA,NA,NA,Positive one-group effect across the undergraduates. Not reextracted as it removed as a problematic analysis.,
51,TRUE,TRUE,Vahey et al. (2009),IRAP effect significance from zero test,Compound DIRAP from the IRAP trial-types involving negative self-descriptors,IRAP effect significance from zero test,IRAP effect significance from zero test,TRUE,0.58,NA,NA,24,TRUE,NA,NA,NA,NA,NA,Positive one-group effect across the undergraduates. Not reextracted as it removed as a problematic analysis.,
321,TRUE,TRUE,Vahey et al. (2009),group,compound self positive and self negative tt,main block vs open air prisoners,DV,FALSE,NA,-0.62,TRUE,37,TRUE,FALSE,FALSE,FALSE,NA,NA,"inverted because direction was contra post hoc precictions, in the sense that vahey employed them",
52,TRUE,TRUE,Vahey et al. (2009),group,compound self positive and self negative tt,undergraduate vs main block prisoners,DV,TRUE,0.44,0.46,FALSE,30,TRUE,FALSE,FALSE,FALSE,NA,NA,,
322,TRUE,TRUE,Vahey et al. (2009),group,compound self positive and self negative tt,undergraduate vs open air prisoners,DV,FALSE,NA,-0.04,TRUE,19,TRUE,FALSE,FALSE,FALSE,NA,NA,"inverted because direction was contra post hoc precictions, in the sense that vahey employed them",
53,TRUE,TRUE,Vahey et al. (2010),IRAP effect significance from zero test,Smokers-popular trial-type DIRAP,IRAP effect significance from zero test,IRAP effect significance from zero test,TRUE,0.89,NA,NA,5,TRUE,NA,NA,NA,NA,NA,Positive one-group effect among adolescent smokers (aged 11-19 years of age). Not reextracted as it removed as a problematic analysis.,
54,TRUE,TRUE,Vahey et al. (2010),IRAP effect significance from zero test,Non-smokers-unpopular trial-type DIRAP,IRAP effect significance from zero test,IRAP effect significance from zero test,TRUE,0.55,NA,NA,8,TRUE,NA,NA,NA,NA,NA,NA,
55,TRUE,TRUE,Vahey et al. (2010),group,smokers-positive tt,smokers vs non smokers,DV,TRUE,0.21,0.21,FALSE,13,TRUE,TRUE,TRUE,TRUE,TRUE,TRUE,,
56,TRUE,TRUE,Vahey et al. (2010),group,smokers-negative tt,smokers vs non smokers,DV,TRUE,0.25,0.26,FALSE,13,TRUE,TRUE,TRUE,TRUE,TRUE,TRUE,,
,,,,,,,,,,,,,,,,,,,,
,,,,,,,,,,,,,,,,,,,,
,,,,,,,,,,,,,,,,,,,,
,,,,,,,,,,,,,,,,,,,,
,,,,,,,,,,,,,,,,,,,,
,,,,,,,,,,,,,,,,,,,,
,,,,,,,,,,,,,,,,,,,,
,,,,,,,,,,,,,,,,,,,,
,,,,,,,,,,,,,,,,,,,,
,,,,,,,,,,,,,,,,,,,,
,,,,,,,,,,,,,,,,,,,,
,,,,,,,,,,,,,,,,,,,,